﻿Company Name,Geography,Geography Code,Sector,CA100 Focus Company,Large/Medium Classification,ISINs,SEDOL,Publication Date,Assessment Date,Region,Carbon Performance Regional Alignment 2025,Carbon Performance Regional Alignment 2035,Carbon Performance Regional Alignment 2050,Regional Benchmark ID,Years with targets,History to Projection cutoff year,CP Unit,Assumptions,2013,2014,2015,2016,2017,2018,2019,2020,2021,2022,2023,2024,2025,2026,2027,2028,2029,2030,2031,2032,2033,2034,2035,2036,2037,2038,2039,2040,2041,2042,2043,2044,2045,2046,2047,2048,2049,2050
AGL Energy,Australia,AUS,Electricity Utilities,Yes,large,"AU000000AGL7, AU000000AGK9","BSS7GP5, BQ6Q917",01/11/2021,05/08/2021,OECD,Not Aligned,Not Aligned,National Pledges,OECD_Electricity Utilities_01/04/2022,2024;2050,2019,Carbon intensity (metric tonnes of CO2 per MWh electricity generation),TPI has not made any further assumptions in order to project this company’s Carbon Performance.,0.97,0.97,0.96,0.98,0.97,0.95,0.94,0.921048,0.902096,0.883144,0.864192,0.84524,0.812730769,0.780221538,0.747712308,0.715203077,0.682693846,0.650184615,0.617675385,0.585166154,0.552656923,0.520147692,0.487638462,0.455129231,0.42262,0.390110769,0.357601538,0.325092308,0.292583077,0.260073846,0.227564615,0.195055385,0.162546154,0.130036923,0.097527692,0.065018462,0.032509231,0.0
Algonquin Power & Utilities,Canada,CAN,Electricity Utilities,No,small,CA0158571053,B51BMR7,01/11/2021,05/08/2021,North-America,National Pledges,Not Aligned,Not Aligned,North-America_Electricity Utilities_01/04/2022,2023,2019,Carbon intensity (metric tonnes of CO2 per MWh electricity generation),"The company has set targets to reduce its absolute emissions. To calculate this company’s targeted emissions intensity, TPI assumes that the company’s electricity generation grows according to the national or regional electricity generation growth rate projected in the IEA’s 2020 World Energy Outlook’s Stated Policies Scenario (STEPS).

The company's target applies to Scope 1 and 2 emissions, which normally would not be accepted in TPI's electricity methodology because targets must be stated explicitly as referring to Scope 1 emissions from electricity generation. However, Algonquin Power & Utilities has made explicit that it will meet its target by closing a coal facility. We therefore assume that effectively their target will be applied to the emissions from electricity generation.",,,,0.0789,0.3433,0.2953,0.2947,0.279065796,0.263431592,0.247797388,0.232163184,,,,,,,,,,,,,,,,,,,,,,,,,,,
Alliant Energy,United States of America,USA,Electricity Utilities,No,medium,US0188021085,2973821,01/11/2021,05/08/2021,North-America,Not Aligned,Not Aligned,National Pledges,North-America_Electricity Utilities_01/04/2022,2030;2050,2020,Carbon intensity (metric tonnes of CO2 per MWh electricity generation),"The company has set targets to reduce its absolute emissions. To calculate this company’s targeted emissions intensity, TPI assumes that the company’s electricity generation grows according to the national or regional electricity generation growth rate projected in the IEA’s 2020 World Energy Outlook’s Stated Policies Scenario (STEPS).",,,,0.841305441,0.83919691,0.741389841,0.623133379,0.56,0.550486276,0.540972553,0.531458829,0.521945106,0.512431382,0.502917659,0.493403935,0.483890211,0.474376488,0.464862764,0.441619626,0.418376488,0.39513335,0.371890211,0.348647073,0.325403935,0.302160797,0.278917659,0.25567452,0.232431382,0.209188244,0.185945106,0.162701967,0.139458829,0.116215691,0.092972553,0.069729415,0.046486276,0.023243138,0.0
Ameren,United States of America,USA,Electricity Utilities,No,medium,US0236081024,2050832,01/11/2021,05/08/2021,North-America,Not Aligned,Not Aligned,National Pledges,North-America_Electricity Utilities_01/04/2022,2030;2040;2050,2019,Carbon intensity (metric tonnes of CO2 per MWh electricity generation),"The company has set targets to reduce its absolute emissions. To calculate this company’s targeted emissions intensity, TPI assumes that the company’s electricity generation grows according to the national or regional electricity generation growth rate projected in the IEA’s 2020 World Energy Outlook’s Stated Policies Scenario (STEPS).",0.6489,0.6639,0.668,0.689,0.729,0.686,0.663,0.649151835,0.635303669,0.621455504,0.607607339,0.593759173,0.579911008,0.566062843,0.552214678,0.538366512,0.524518347,0.510670182,0.474189578,0.437708975,0.401228372,0.364747769,0.328267165,0.291786562,0.255305959,0.218825356,0.182344752,0.145864149,0.131277734,0.116691319,0.102104904,0.08751849,0.072932075,0.05834566,0.043759245,0.02917283,0.014586415,0.0
American Electric Power,United States of America,USA,Electricity Utilities,Yes,large,US0255371017,2026242,01/11/2021,05/08/2021,North-America,Not Aligned,Not Aligned,National Pledges,North-America_Electricity Utilities_01/04/2022,2030;2050,2020,Carbon intensity (metric tonnes of CO2 per MWh electricity generation),"The company has set targets to reduce its absolute emissions. To calculate this company’s targeted emissions intensity, TPI assumes that the company’s electricity generation grows according to the national or regional electricity generation growth rate projected in the IEA’s 2020 World Energy Outlook’s Stated Policies Scenario (STEPS).",0.813070815,0.767435116,0.72816412,0.823146927,0.734066177,0.72426377,0.689130605,0.644407332,0.622438669,0.600470006,0.578501344,0.556532681,0.534564018,0.512595356,0.490626693,0.46865803,0.446689367,0.424720705,0.403484669,0.382248634,0.361012599,0.339776564,0.318540529,0.297304493,0.276068458,0.254832423,0.233596388,0.212360352,0.191124317,0.169888282,0.148652247,0.127416211,0.106180176,0.084944141,0.063708106,0.04247207,0.021236035,0.0
Berkshire Hathaway (Electricity Utility),United States of America,USA,Electricity Utilities,No,large,"US0846701086, US0846707026","2093666, 2073390",01/11/2021,05/08/2021,North-America,Not Aligned,Not Aligned,Not Aligned,North-America_Electricity Utilities_01/04/2022,,2020,Carbon intensity (metric tonnes of CO2 per MWh electricity generation),"The company has not disclosed any quantitative targets to reduce its emissions, which TPI can use to estimate current or future Carbon Performance.",,,,,0.58,0.572,0.54,0.477,,,,,,,,,,,,,,,,,,,,,,,,,,,,,,
Black Hills,United States of America,USA,Electricity Utilities,No,small,US0921131092,2101741,01/11/2021,05/08/2021,North-America,Not Aligned,Not Aligned,Not Aligned,North-America_Electricity Utilities_01/04/2022,2030;2040,2019,Carbon intensity (metric tonnes of CO2 per MWh electricity generation),TPI has not made any further assumptions in order to project this company’s Carbon Performance.,,,,,,0.87,0.85,0.841454545,0.832909091,0.824363636,0.815818182,0.807272727,0.798727273,0.790181818,0.781636364,0.773090909,0.764545455,0.756,0.7182,0.6804,0.6426,0.6048,0.567,0.5292,0.4914,0.4536,0.4158,0.378,,,,,,,,,,
CEZ,Czechia,CZE,Electricity Utilities,Yes,large,CZ0005112300,5624030,01/11/2021,05/08/2021,Europe,Not Aligned,Not Aligned,National Pledges,Europe_Electricity Utilities_01/04/2022,2025;2030;2050,2020,Carbon intensity (metric tonnes of CO2 per MWh electricity generation),"The company discloses an emissions intensity using an activity measure and emissions figure that is inconsistent with TPI’s methodology for this sector. The carbon intensity has been recalculated according to TPI methodology. TPI notes that this company’s emissions intensity is slightly over-estimated as we calculated it using emissions from both electricity and heat generation, while using generation figures that include only electricity.",,0.445834929,0.470771436,0.496665391,0.443119202,0.424885593,0.403363029,0.368502937,0.34680235,0.325101762,0.303401175,0.281700587,0.26,0.24,0.22,0.2,0.18,0.16,0.152,0.144,0.136,0.128,0.12,0.112,0.104,0.096,0.088,0.08,0.072,0.064,0.056,0.048,0.04,0.032,0.024,0.016,0.008,0.0
CK Infrastructure,Hong Kong,HKG,Electricity Utilities,No,large,BMG2178K1009,BYVS6J1,01/11/2021,05/08/2021,non-OECD,No or unsuitable disclosure,No or unsuitable disclosure,No or unsuitable disclosure,non-OECD_Electricity Utilities_01/04/2022,,,Carbon intensity (metric tonnes of CO2 per MWh electricity generation),"The company has not disclosed sufficient data on current emissions, or any quantitative targets to reduce its emissions, which TPI can use to estimate current or future Carbon Performance.",,,,,,,,,,,,,,,,,,,,,,,,,,,,,,,,,,,,,,
CLP,Hong Kong,HKG,Electricity Utilities,No,large,HK0002007356,6097017,01/11/2021,05/08/2021,non-OECD,Not Aligned,Not Aligned,Not Aligned,non-OECD_Electricity Utilities_01/04/2022,,2020,Carbon intensity (metric tonnes of CO2 per MWh electricity generation),"The company discloses 2030, 2040, and 2050 targets using an activity measure and emissions figure that is inconsistent with TPI’s methodology for this sector. These targets include both generated and purchased electricity. TPI’s current methodology is restricted to the emissions intensity of owned generation, which cannot be reliably estimated from the disclosed targets.",0.82,0.84,0.81,0.82,0.8,0.74,0.7,0.65,,,,,,,,,,,,,,,,,,,,,,,,,,,,,,
CMS Energy,United States of America,USA,Electricity Utilities,No,medium,US1258961002,2219224,01/11/2021,05/08/2021,North-America,Not Aligned,National Pledges,Below 2 Degrees,North-America_Electricity Utilities_01/04/2022,2040,2019,Carbon intensity (metric tonnes of CO2 per MWh electricity generation),TPI has not made any further assumptions in order to project this company’s Carbon Performance.,0.965721064,0.92498297,0.912167281,0.792918644,0.801,0.799,0.744,0.708571429,0.673142857,0.637714286,0.602285714,0.566857143,0.531428571,0.496,0.460571429,0.425142857,0.389714286,0.354285714,0.318857143,0.283428571,0.248,0.212571429,0.177142857,0.141714286,0.106285714,0.070857143,0.035428571,0.0,,,,,,,,,,
CenterPoint Energy,United States of America,USA,Electricity Utilities,No,medium,US15189T1079,2440637,01/11/2021,05/08/2021,North-America,Not Aligned,Not Aligned,Not Aligned,North-America_Electricity Utilities_01/04/2022,,2019,Carbon intensity (metric tonnes of CO2 per MWh electricity generation),The company discloses an emissions target using an activity measure and emissions figure that is inconsistent with TPI’s methodology for this sector.,,,,,1.039,1.03,1.14,,,,,,,,,,,,,,,,,,,,,,,,,,,,,,,
China Resources Power,China,CHN,Electricity Utilities,No,large,HK0836012952,6711566,01/11/2021,05/08/2021,non-OECD,Not Aligned,Not Aligned,Not Aligned,non-OECD_Electricity Utilities_01/04/2022,,2020,Carbon intensity (metric tonnes of CO2 per MWh electricity generation),"The company has not disclosed any quantitative targets to reduce its emissions, which TPI can use to estimate future Carbon Performance.",,,,,0.78,0.755,0.728,0.726,,,,,,,,,,,,,,,,,,,,,,,,,,,,,,
Chubu Electric Power,Japan,JPN,Electricity Utilities,No,large,JP3526600006,6195609,01/11/2021,05/08/2021,OECD,Not Aligned,Not Aligned,National Pledges,OECD_Electricity Utilities_01/04/2022,2030;2050,2018,Carbon intensity (metric tonnes of CO2 per MWh electricity generation),"The company discloses an emissions intensity for the year 2019 using a boundary that is inconsistent with TPI’s methodology for this sector. We therefore do not include this year in the assessment. The company has set targets to reduce its absolute emissions. To calculate this company’s targeted emissions intensity, TPI assumes that the company’s electricity generation grows according to the national or regional electricity generation growth rate projected in the IEA’s 2020 World Energy Outlook’s Stated Policies Scenario (STEPS).",,0.469189618,0.466495486,0.488944359,0.484594367,0.473090896,0.458965342,0.444839788,0.430714234,0.416588679,0.402463125,0.388337571,0.374212017,0.360086463,0.345960908,0.331835354,0.3177098,0.303584246,0.288405034,0.273225821,0.258046609,0.242867397,0.227688184,0.212508972,0.19732976,0.182150548,0.166971335,0.151792123,0.136612911,0.121433698,0.106254486,0.091075274,0.075896061,0.060716849,0.045537637,0.030358425,0.015179212,0.0
Chugoku,Japan,JPN,Electricity Utilities,No,medium,JP3522200009,6195900,01/11/2021,05/08/2021,OECD,Not Aligned,Not Aligned,Not Aligned,OECD_Electricity Utilities_01/04/2022,2029,2019,Carbon intensity (metric tonnes of CO2 per MWh electricity generation),TPI has not made any further assumptions in order to project this company’s Carbon Performance.,,,,,,0.5755477,0.580294518,0.559265066,0.538235614,0.517206162,0.496176711,0.475147259,0.454117807,0.433088355,0.412058904,0.391029452,0.37,,,,,,,,,,,,,,,,,,,,,
Con Edison,United States of America,USA,Electricity Utilities,No,large,US2091151041,2216850,01/11/2021,05/08/2021,North-America,National Pledges,National Pledges,Below 2 Degrees,North-America_Electricity Utilities_01/04/2022,2040,2019,Carbon intensity (metric tonnes of CO2 per MWh electricity generation),TPI has not made any further assumptions in order to project this company’s Carbon Performance.,,,,0.35695461,0.304431874,0.282037565,0.273374107,0.260356293,0.247338478,0.234320664,0.221302849,0.208285034,0.19526722,0.182249405,0.16923159,0.156213776,0.143195961,0.130178146,0.117160332,0.104142517,0.091124702,0.078106888,0.065089073,0.052071259,0.039053444,0.026035629,0.013017815,0.0,,,,,,,,,,
DTE Energy,United States of America,USA,Electricity Utilities,No,medium,US2333311072,2280220,01/11/2021,05/08/2021,North-America,Not Aligned,Not Aligned,National Pledges,North-America_Electricity Utilities_01/04/2022,2023;2030;2040;2050,2019,Carbon intensity (metric tonnes of CO2 per MWh electricity generation),"The company has set targets to reduce its absolute emissions. To calculate this company’s targeted emissions intensities, TPI assumes that the company’s electricity generation grows according to the national or regional electricity generation growth rate projected in the IEA’s 2020 World Energy Outlook’s Stated Policies Scenario (STEPS).",,,,0.695,0.682,0.729,0.686,0.69934992,0.71269984,0.726049761,0.739399681,0.709804931,0.680210182,0.650615432,0.621020683,0.591425933,0.561831184,0.532236434,0.499236268,0.466236102,0.433235936,0.400235769,0.367235603,0.334235437,0.301235271,0.268235104,0.235234938,0.202234772,0.182011295,0.161787818,0.14156434,0.121340863,0.101117386,0.080893909,0.060670432,0.040446954,0.020223477,0.0
Dominion Energy,United States of America,USA,Electricity Utilities,Yes,large,US25746U1097,2542049,01/11/2021,05/08/2021,North-America,National Pledges,National Pledges,National Pledges,North-America_Electricity Utilities_01/04/2022,2030;2050,2019,Carbon intensity (metric tonnes of CO2 per MWh electricity generation),"The company has set targets to reduce its absolute emissions. To calculate this company’s targeted emissions intensity, TPI assumes that the company’s electricity generation grows according to the national or regional electricity generation growth rate projected in the IEA’s 2020 World Energy Outlook’s Stated Policies Scenario (STEPS).",,,,,0.331,0.312,0.269,0.264350888,0.259701775,0.255052663,0.25040355,0.245754438,0.241105326,0.236456213,0.231807101,0.227157988,0.222508876,0.217859763,0.206966775,0.196073787,0.185180799,0.174287811,0.163394823,0.152501834,0.141608846,0.130715858,0.11982287,0.108929882,0.098036894,0.087143905,0.076250917,0.065357929,0.054464941,0.043571953,0.032678965,0.021785976,0.010892988,0.0
Duke Energy,United States of America,USA,Electricity Utilities,Yes,large,US26441C2044,B7VD3F2,01/11/2021,05/08/2021,North-America,Not Aligned,Not Aligned,National Pledges,North-America_Electricity Utilities_01/04/2022,2030;2050,2020,Carbon intensity (metric tonnes of CO2 per MWh electricity generation),"The company has set targets to reduce its absolute emissions. To calculate this company’s targeted emissions intensity, TPI assumes that the company’s electricity generation grows according to the national or regional electricity generation growth rate projected in the IEA’s 2020 World Energy Outlook’s Stated Policies Scenario (STEPS).",0.476276876,0.476276876,0.453597024,0.439989114,0.435453143,0.426381203,0.390093441,0.353805679,0.350567036,0.347328393,0.344089749,0.340851106,0.337612463,0.33437382,0.331135176,0.327896533,0.32465789,0.321419247,0.305348284,0.289277322,0.27320636,0.257135397,0.241064435,0.224993473,0.20892251,0.192851548,0.176780586,0.160709623,0.144638661,0.128567699,0.112496736,0.096425774,0.080354812,0.064283849,0.048212887,0.032141925,0.016070962,0.0
E.ON,Germany,DEU,Electricity Utilities,Yes,large,DE000ENAG999,"4942904, 4943190",01/11/2021,05/08/2021,OECD,1.5 Degrees,Below 2 Degrees,Below 2 Degrees,OECD_Electricity Utilities_01/04/2022,2040,2020,Carbon intensity (metric tonnes of CO2 per MWh electricity generation),TPI has not made any further assumptions in order to project this company’s Carbon Performance.,0.450826121,0.445167286,0.408969549,0.045454545,0.05075,0.05664488,0.047073171,0.064084507,0.060880282,0.057676056,0.054471831,0.051267606,0.04806338,0.044859155,0.04165493,0.038450704,0.035246479,0.032042254,0.028838028,0.025633803,0.022429577,0.019225352,0.016021127,0.012816901,0.009612676,0.006408451,0.003204225,0.0,,,,,,,,,,
EDF,France,FRA,Electricity Utilities,Yes,large,FR0010242511,B0NJJ17,01/11/2021,05/08/2021,Europe,1.5 Degrees,Below 2 Degrees,National Pledges,Europe_Electricity Utilities_01/04/2022,2023;2030;2050,2020,Carbon intensity (metric tonnes of CO2 per MWh electricity generation),"The company has set targets to reduce its absolute emissions. To calculate this company’s targeted emissions intensities, TPI assumes that the company’s electricity generation grows according to the national or regional electricity generation growth rate projected in the IEA’s 2020 World Energy Outlook’s Stated Policies Scenario (STEPS).",0.123,0.102,0.095,0.077,0.082,0.057,0.055,0.051,0.059643409,0.068286819,0.076930228,0.072858138,0.068786049,0.064713959,0.060641869,0.056569779,0.052497689,0.0484256,0.04600432,0.04358304,0.04116176,0.03874048,0.0363192,0.03389792,0.03147664,0.02905536,0.02663408,0.0242128,0.02179152,0.01937024,0.01694896,0.01452768,0.0121064,0.00968512,0.00726384,0.00484256,0.00242128,0.0
Edison International,United States of America,USA,Electricity Utilities,No,medium,US2810201077,2829515,01/11/2021,05/08/2021,North-America,1.5 Degrees,Below 2 Degrees,Below 2 Degrees,North-America_Electricity Utilities_01/04/2022,2045,2020,Carbon intensity (metric tonnes of CO2 per MWh electricity generation),TPI has not made any further assumptions in order to project this company’s Carbon Performance.,0.352441691,0.175994049,0.194591358,0.146056917,0.113398227,0.084368281,0.102058405,0.122923678,0.118006731,0.113089784,0.108172837,0.10325589,0.098338943,0.093421996,0.088505048,0.083588101,0.078671154,0.073754207,0.06883726,0.063920313,0.059003366,0.054086419,0.049169471,0.044252524,0.039335577,0.03441863,0.029501683,0.024584736,0.019667789,0.014750841,0.009833894,0.004916947,0.0,,,,,
Electric Power Development,Japan,JPN,Electricity Utilities,No,large,JP3551200003,B02Q328,01/11/2021,05/08/2021,OECD,Not Aligned,Not Aligned,Not Aligned,OECD_Electricity Utilities_01/04/2022,,2019,Carbon intensity (metric tonnes of CO2 per MWh electricity generation),"The company discloses 2030 and 2050 targets, but as these are regional targets that do not apply to the company’s entire operations, they are not accepted in TPI’s methodology.",,,0.666,0.667,0.641,0.649,0.619,,,,,,,,,,,,,,,,,,,,,,,,,,,,,,,
Elia Group,Belgium,BEL,Electricity Utilities,No,medium,BE0003822393,B09M9F4,01/11/2021,05/08/2021,Europe,No or unsuitable disclosure,No or unsuitable disclosure,No or unsuitable disclosure,Europe_Electricity Utilities_01/04/2022,,,Carbon intensity (metric tonnes of CO2 per MWh electricity generation),"The company has not disclosed sufficient data on current emissions, or any quantitative targets to reduce its emissions, which TPI can use to estimate current or future Carbon Performance.",,,,,,,,,,,,,,,,,,,,,,,,,,,,,,,,,,,,,,
Emera,Canada,CAN,Electricity Utilities,No,small,CA2908761018,2650050,01/11/2021,05/08/2021,North-America,Not Aligned,Not Aligned,National Pledges,North-America_Electricity Utilities_01/04/2022,2025;2040;2050,2020,Carbon intensity (metric tonnes of CO2 per MWh electricity generation),"The company has set 2025 and 2040 targets to reduce its absolute emissions. To calculate this company’s targeted emissions intensity, TPI assumes that the company’s electricity generation grows according to the national or regional electricity generation growth rate projected in the IEA’s 2020 World Energy Outlook’s Stated Policies Scenario (STEPS).",0.728501049,0.611021563,0.685187265,0.667267144,0.586833182,0.555496988,0.549188403,0.553231574,0.521407361,0.489583147,0.457758934,0.425934721,0.394110507,0.378432397,0.362754286,0.347076175,0.331398065,0.315719954,0.300041844,0.284363733,0.268685622,0.253007512,0.237329401,0.22165129,0.20597318,0.190295069,0.174616958,0.158938848,0.143044963,0.127151078,0.111257193,0.095363309,0.079469424,0.063575539,0.047681654,0.03178777,0.015893885,0.0
Enbw Energie,Germany,DEU,Electricity Utilities,No,large,DE0005220008,5341102,01/11/2021,05/08/2021,Europe,National Pledges,1.5 Degrees,1.5 Degrees,Europe_Electricity Utilities_01/04/2022,2035,2020,Carbon intensity (metric tonnes of CO2 per MWh electricity generation),The company discloses an emissions intensity using an activity measure and/or emissions figure that is inconsistent with TPI’s methodology for this sector. The carbon intensity has been recalculated according to TPI methodology.,,0.303370868,0.263624438,0.276105538,0.297539736,0.27752337,0.203422093,0.232766387,0.217248628,0.201730869,0.18621311,0.170695351,0.155177592,0.139659832,0.124142073,0.108624314,0.093106555,0.077588796,0.062071037,0.046553277,0.031035518,0.015517759,0.0,,,,,,,,,,,,,,,
Endesa,Spain,ESP,Electricity Utilities,No,large,ES0130670112,5271782,01/11/2021,05/08/2021,Europe,1.5 Degrees,National Pledges,National Pledges,Europe_Electricity Utilities_01/04/2022,2023;2030;2050,2020,Carbon intensity (metric tonnes of CO2 per MWh electricity generation),TPI has not made any further assumptions in order to project this company’s Carbon Performance.,,0.46,0.461,0.418,0.439,0.418,0.282,0.179991701,0.169994467,0.159997234,0.15,0.142142857,0.134285714,0.126428571,0.118571429,0.110714286,0.102857143,0.095,0.09025,0.0855,0.08075,0.076,0.07125,0.0665,0.06175,0.057,0.05225,0.0475,0.04275,0.038,0.03325,0.0285,0.02375,0.019,0.01425,0.0095,0.00475,0.0
Enel,Italy,ITA,Electricity Utilities,Yes,large,IT0003128367,7144569,01/11/2021,05/08/2021,OECD,1.5 Degrees,Below 2 Degrees,National Pledges,OECD_Electricity Utilities_01/04/2022,2023;2030;2050,2020,Carbon intensity (metric tonnes of CO2 per MWh electricity generation),The company discloses an emissions intensity using an activity measure and/or emissions figure that is inconsistent with TPI's methodology for this sector. The carbon intensity has been recalculated according to TPI methodology.,0.402836314,0.406851265,0.419876625,0.405978336,0.42100882,0.377248451,0.302842504,0.21568457,0.193123047,0.170561523,0.148,0.138571429,0.129142857,0.119714286,0.110285714,0.100857143,0.091428571,0.082,0.0779,0.0738,0.0697,0.0656,0.0615,0.0574,0.0533,0.0492,0.0451,0.041,0.0369,0.0328,0.0287,0.0246,0.0205,0.0164,0.0123,0.0082,0.0041,0.0
Entergy,United States of America,USA,Electricity Utilities,No,medium,US29364G1031,2317087,01/11/2021,05/08/2021,North-America,Not Aligned,Not Aligned,National Pledges,North-America_Electricity Utilities_01/04/2022,2030;2050,2020,Carbon intensity (metric tonnes of CO2 per MWh electricity generation),TPI has not made any further assumptions in order to project this company’s Carbon Performance.,0.26,0.25,0.237818762,0.263,0.268,0.281,0.27,0.265,0.262631143,0.260262286,0.257893428,0.255524571,0.253155714,0.250786857,0.248417999,0.246049142,0.243680285,0.241311428,0.229245856,0.217180285,0.205114714,0.193049142,0.180983571,0.168917999,0.156852428,0.144786857,0.132721285,0.120655714,0.108590143,0.096524571,0.084459,0.072393428,0.060327857,0.048262286,0.036196714,0.024131143,0.012065571,0.0
Evergy,United States of America,USA,Electricity Utilities,No,medium,US30034W1062,BFMXGR0,01/11/2021,05/08/2021,North-America,Not Aligned,Not Aligned,Below 2 Degrees,North-America_Electricity Utilities_01/04/2022,2030;2045,2019,Carbon intensity (metric tonnes of CO2 per MWh electricity generation),"The company has set a target to reduce its absolute emissions. To calculate this company’s targeted emissions intensity, TPI assumes that the company’s electricity generation grows according to the national or regional electricity generation growth rate projected in the IEA’s 2020 World Energy Outlook’s Stated Policies Scenario (STEPS).",,,,0.716379056,0.5794,0.5773,0.5365,0.513039947,0.489579894,0.46611984,0.442659787,0.419199734,0.395739681,0.372279628,0.348819574,0.325359521,0.301899468,0.278439415,0.259876787,0.241314159,0.222751532,0.204188904,0.185626277,0.167063649,0.148501021,0.129938394,0.111375766,0.092813138,0.074250511,0.055687883,0.037125255,0.018562628,0.0,,,,,
Eversource Energy,United States of America,USA,Electricity Utilities,No,medium,US30040W1080,BVVN4Q8,01/11/2021,05/08/2021,North-America,1.5 Degrees,1.5 Degrees,1.5 Degrees,North-America_Electricity Utilities_01/04/2022,2030,2020,Carbon intensity (metric tonnes of CO2 per MWh electricity generation),TPI has not made any further assumptions in calculate this company’s Carbon Performance.,0.739920565,0.692638704,0.721901926,0.51392473,0.425853619,0.0,0.0,0.0,0.0,0.0,0.0,0.0,0.0,0.0,0.0,0.0,0.0,0.0,,,,,,,,,,,,,,,,,,,,
Exelon,United States of America,USA,Electricity Utilities,Yes,large,US30161N1019,2670519,01/11/2021,05/08/2021,North-America,1.5 Degrees,Below 2 Degrees,National Pledges,North-America_Electricity Utilities_01/04/2022,,2020,Carbon intensity (metric tonnes of CO2 per MWh electricity generation),"The company has disclosed a 2030 target, but insufficient detail is provided so it cannot be included in TPI’s Carbon Performance assessment.",0.091732157,0.0823483,0.037855503,0.048084978,0.048871776,0.045627729,0.045374028,0.042736223,,,,,,,,,,,,,,,,,,,,,,,,,,,,,,
Firstenergy,United States of America,USA,Electricity Utilities,Yes,medium,US3379321074,2100920,01/11/2021,05/08/2021,North-America,Not Aligned,Not Aligned,National Pledges,North-America_Electricity Utilities_01/04/2022,2030;2050,2020,Carbon intensity (metric tonnes of CO2 per MWh electricity generation),"The company has set a target to reduce its absolute emissions. To calculate this company’s targeted emissions intensity, TPI assumes that the company’s electricity generation grows according to the national or regional electricity generation growth rate projected in the IEA’s 2020 World Energy Outlook’s Stated Policies Scenario (STEPS).",,,0.525355825,0.553,0.539,0.488,0.92,0.915,0.901171823,0.887343645,0.873515468,0.85968729,0.845859113,0.832030936,0.818202758,0.804374581,0.790546403,0.776718226,0.737882315,0.699046403,0.660210492,0.621374581,0.58253867,0.543702758,0.504866847,0.466030936,0.427195024,0.388359113,0.349523202,0.31068729,0.271851379,0.233015468,0.194179557,0.155343645,0.116507734,0.077671823,0.038835911,0.0
Fortis,Canada,CAN,Electricity Utilities,No,medium,CA3495531079,2347200,01/11/2021,05/08/2021,North-America,Not Aligned,National Pledges,Not Aligned,North-America_Electricity Utilities_01/04/2022,2035,2020,Carbon intensity (metric tonnes of CO2 per MWh electricity generation),"The company has set a target to reduce its absolute emissions. To calculate this company’s targeted emissions intensity, TPI assumes that the company’s electricity generation grows according to the national or regional electricity generation growth rate projected in the IEA’s 2020 World Energy Outlook’s Stated Policies Scenario (STEPS).",,0.597729645,0.68846681,0.688519408,0.651311081,0.576161057,0.628425379,0.570419351,0.543044714,0.515670076,0.488295439,0.460920802,0.433546164,0.406171527,0.378796889,0.351422252,0.324047614,0.296672977,0.26929834,0.241923702,0.214549065,0.187174427,0.15979979,,,,,,,,,,,,,,,
Fortum,Finland,FIN,Electricity Utilities,Yes,large,FI0009007132,5579550,01/11/2021,05/08/2021,Europe,Below 2 Degrees,National Pledges,National Pledges,Europe_Electricity Utilities_01/04/2022,2050,2019,Carbon intensity (metric tonnes of CO2 per MWh electricity generation),TPI has not made any further assumptions in order to project this company’s Carbon Performance.,0.2,0.177,0.166,0.173,0.174,0.186,0.183,0.177096774,0.171193548,0.165290323,0.159387097,0.153483871,0.147580645,0.141677419,0.135774194,0.129870968,0.123967742,0.118064516,0.11216129,0.106258065,0.100354839,0.094451613,0.088548387,0.082645161,0.076741935,0.07083871,0.064935484,0.059032258,0.053129032,0.047225806,0.041322581,0.035419355,0.029516129,0.023612903,0.017709677,0.011806452,0.005903226,0.0
Gulf Energy Development,Thailand,THA,Electricity Utilities,No,large,TH8319010Z06,BLR5MP3,01/11/2021,05/08/2021,non-OECD,1.5 Degrees,National Pledges,Not Aligned,non-OECD_Electricity Utilities_01/04/2022,2023;2030,2020,Carbon intensity (metric tonnes of CO2 per MWh electricity generation),TPI has not made any further assumptions in order to project this company’s Carbon Performance.,,,,,,0.413,0.384,0.405,0.3942,0.3834,0.3726,0.362764286,0.352928571,0.343092857,0.333257143,0.323421429,0.313585714,0.30375,,,,,,,,,,,,,,,,,,,,
Hawaiian Electric,United States of America,USA,Electricity Utilities,No,small,US4198701009,2415204,01/11/2021,05/08/2021,North-America,Not Aligned,Not Aligned,Not Aligned,North-America_Electricity Utilities_01/04/2022,,2020,Carbon intensity (metric tonnes of CO2 per MWh electricity generation),TPI has not made any further assumptions in order to project this company’s Carbon Performance.,0.79816,0.80162,0.80059,0.798,0.804,0.802,0.811,0.804,,,,,,,,,,,,,,,,,,,,,,,,,,,,,,
Hydro One,Canada,CAN,Electricity Utilities,No,medium,CA4488112083,BYYXJY9,01/11/2021,05/08/2021,North-America,Not Assessed,Not Assessed,Not Assessed,North-America_Electricity Utilities_01/04/2022,,,Carbon intensity (metric tonnes of CO2 per MWh electricity generation),"The company’s activities lie outside the scope of TPI’s Carbon Performance assessment of this sector, hence the company is not assessed.",,,,,,,,,,,,,,,,,,,,,,,,,,,,,,,,,,,,,,
Iberdrola,Spain,ESP,Electricity Utilities,Yes,large,ES0144580Y14,B288C92,01/11/2021,05/08/2021,OECD,1.5 Degrees,Below 2 Degrees,National Pledges,OECD_Electricity Utilities_01/04/2022,2030;2050,2020,Carbon intensity (metric tonnes of CO2 per MWh electricity generation),TPI has not made any further assumptions in order to project this company’s Carbon Performance.,0.226,0.212,0.185,0.131,0.136,0.112,0.11,0.098,0.0932,0.0884,0.0836,0.0788,0.074,0.0692,0.0644,0.0596,0.0548,0.05,0.0475,0.045,0.0425,0.04,0.0375,0.035,0.0325,0.03,0.0275,0.025,0.0225,0.02,0.0175,0.015,0.0125,0.01,0.0075,0.005,0.0025,0.0
Idacorp,United States of America,USA,Electricity Utilities,No,small,US4511071064,2296937,01/11/2021,05/08/2021,North-America,Not Aligned,Not Aligned,Not Aligned,North-America_Electricity Utilities_01/04/2022,,2020,Carbon intensity (metric tonnes of CO2 per MWh electricity generation),"The company has not disclosed any quantitative targets to reduce its emissions, which TPI can use to estimate future Carbon Performance.",0.515,0.4624,0.4319,0.3921,0.29,0.29,0.3,0.38,,,,,,,,,,,,,,,,,,,,,,,,,,,,,,
KEPCO,South Korea,KOR,Electricity Utilities,Yes,large,KR7015760002,6495730,01/11/2021,05/08/2021,OECD,Not Aligned,Not Aligned,Not Aligned,OECD_Electricity Utilities_01/04/2022,2030,2019,Carbon intensity (metric tonnes of CO2 per MWh electricity generation),"The company has set a target to reduce its absolute emissions. To calculate this company’s targeted emissions intensity, TPI assumes that the company’s electricity generation grows according to the national or regional electricity generation growth rate projected in the IEA’s 2020 World Energy Outlook’s Stated Policies Scenario (STEPS).",0.487,0.471,0.464,0.477,0.506,0.516,0.494,0.472415863,0.450831727,0.42924759,0.407663453,0.386079316,0.36449518,0.342911043,0.321326906,0.299742769,0.278158633,0.256574496,,,,,,,,,,,,,,,,,,,,
Kansai Elec Power,Japan,JPN,Electricity Utilities,No,large,JP3228600007,6483489,01/11/2021,05/08/2021,OECD,Not Aligned,Not Aligned,National Pledges,OECD_Electricity Utilities_01/04/2022,2030;2050,2019,Carbon intensity (metric tonnes of CO2 per MWh electricity generation),"The company discloses an emissions intensity using an activity measure and/or emissions figure that is inconsistent with TPI's methodology for this sector. The carbon intensity has been recalculated according to TPI methodology. The company has set a target to reduce its absolute emissions. To calculate this company’s targeted emissions intensity, TPI assumes that the company’s electricity generation grows according to the national or regional electricity generation growth rate projected in the IEA’s 2020 World Energy Outlook’s Stated Policies Scenario (STEPS).",,0.416678061,0.422657688,0.417472752,0.346944386,0.273395091,0.271442113,0.271664636,0.271887158,0.272109681,0.272332204,0.272554727,0.27277725,0.272999773,0.273222296,0.273444819,0.273667341,0.273889864,0.260195371,0.246500878,0.232806385,0.219111891,0.205417398,0.191722905,0.178028412,0.164333919,0.150639425,0.136944932,0.123250439,0.109555946,0.095861453,0.082166959,0.068472466,0.054777973,0.04108348,0.027388986,0.013694493,0.0
Kyushu Elec Power,Japan,JPN,Electricity Utilities,No,medium,JP3246400000,6499806,01/11/2021,05/08/2021,OECD,Not Aligned,Not Aligned,Not Aligned,OECD_Electricity Utilities_01/04/2022,,2019,Carbon intensity (metric tonnes of CO2 per MWh electricity generation),"The company discloses an emissions intensity using an activity measure and/or emissions figure that is inconsistent with TPI's methodology for this sector. The carbon intensity has been recalculated according to TPI methodology. The company has not disclosed any quantitative targets to reduce its emissions, which TPI can use to estimate future Carbon Performance.",,,,,0.40060698,0.264457831,0.301265823,,,,,,,,,,,,,,,,,,,,,,,,,,,,,,,
Meridian Energy,New Zealand,NZL,Electricity Utilities,No,large,NZMELE0002S7,BWFD052,01/11/2021,05/08/2021,OECD,1.5 Degrees,1.5 Degrees,1.5 Degrees,OECD_Electricity Utilities_01/04/2022,,2020,Carbon intensity (metric tonnes of CO2 per MWh electricity generation),TPI has not made any further assumptions in order to project this company’s Carbon Performance.,,1.27e-06,0.0,0.0,0.0,0.0,0.0,0.0,,,,,,,,,,,,,,,,,,,,,,,,,,,,,,
NRG Energy,United States of America,USA,Electricity Utilities,Yes,medium,US6293775085,2212922,01/11/2021,05/08/2021,North-America,Not Aligned,Not Aligned,National Pledges,North-America_Electricity Utilities_01/04/2022,2025;2050,2019,Carbon intensity (metric tonnes of CO2 per MWh electricity generation),"The company has set a target to reduce its absolute emissions. To calculate this company’s targeted emissions intensity, TPI assumes that the company’s electricity generation grows according to the national or regional electricity generation growth rate projected in the IEA’s 2020 World Energy Outlook’s Stated Policies Scenario (STEPS).",0.754923912,0.80497648,0.71071227,0.626982019,0.605181546,0.743358875,0.621285536,0.605733518,0.590181499,0.57462948,0.559077462,0.543525443,0.527973424,0.506854487,0.48573555,0.464616613,0.443497676,0.422378739,0.401259802,0.380140865,0.359021928,0.337902991,0.316784054,0.295665117,0.274546181,0.253427244,0.232308307,0.21118937,0.190070433,0.168951496,0.147832559,0.126713622,0.105594685,0.084475748,0.063356811,0.042237874,0.021118937,0.0
NTPC,India,IND,Electricity Utilities,Yes,large,INE733E01010,B037HF1,01/11/2021,05/08/2021,non-OECD,Not Aligned,Not Aligned,Not Aligned,non-OECD_Electricity Utilities_01/04/2022,2022;2032,2019,Carbon intensity (metric tonnes of CO2 per MWh electricity generation),TPI has not made any further assumptions in order to project this company’s Carbon Performance.,0.861822591,0.883519302,0.957399311,0.88379,0.87279,0.87581,0.87102,0.859047367,0.847074733,0.8351021,0.822962987,0.810823874,0.798684761,0.786545648,0.774406535,0.762267422,0.750128309,0.737989196,0.725850083,0.71371097,,,,,,,,,,,,,,,,,,
National Grid,United Kingdom,GBR,Electricity Utilities,Yes,large,GB00BDR05C01,BDR05C0,01/11/2021,05/08/2021,OECD,Not Aligned,Not Aligned,National Pledges,OECD_Electricity Utilities_01/04/2022,2050,2019,Carbon intensity (metric tonnes of CO2 per MWh electricity generation),The company discloses an emissions intensity using an activity measure and/or emissions figure that is inconsistent with TPI's methodology for this sector. The carbon intensity has been recalculated according to TPI methodology.,0.581765117,0.596447523,0.595818696,0.59203965,0.58098843,0.585823849,0.581150623,0.562403829,0.543657035,0.52491024,0.506163446,0.487416652,0.468669857,0.449923063,0.431176269,0.412429475,0.39368268,0.374935886,0.356189092,0.337442297,0.318695503,0.299948709,0.281201914,0.26245512,0.243708326,0.224961532,0.206214737,0.187467943,0.168721149,0.149974354,0.13122756,0.112480766,0.093733971,0.074987177,0.056240383,0.037493589,0.018746794,0.0
NextEra Energy,United States of America,USA,Electricity Utilities,Yes,large,US65339F1012,2328915,01/11/2021,05/08/2021,North-America,1.5 Degrees,National Pledges,Not Aligned,North-America_Electricity Utilities_01/04/2022,2025,2020,Carbon intensity (metric tonnes of CO2 per MWh electricity generation),TPI has not made any further assumptions in order to project this company’s Carbon Performance.,0.254558912,0.241765021,0.248568914,0.216363818,0.206384774,0.197766509,0.218631782,0.198673694,0.189433057,0.18019242,0.170951783,0.161711147,0.15247051,,,,,,,,,,,,,,,,,,,,,,,,,
NiSource,United States of America,USA,Electricity Utilities,No,medium,US65473P1057,2645409,01/11/2021,05/08/2021,North-America,Not Aligned,National Pledges,Not Aligned,North-America_Electricity Utilities_01/04/2022,2025;2030,2020,Carbon intensity (metric tonnes of CO2 per MWh electricity generation),"The company has set targets to reduce its absolute emissions. To calculate this company’s targeted emissions intensities, TPI assumes that the company’s electricity generation grows according to the national or regional electricity generation growth rate projected in the IEA’s 2020 World Energy Outlook’s Stated Policies Scenario (STEPS).",,,,,,0.960256189,0.890856474,0.827353467,0.785400007,0.743446546,0.701493086,0.659539626,0.617586165,0.518362574,0.419138982,0.31991539,0.220691798,0.121468207,,,,,,,,,,,,,,,,,,,,
OGE Energy,United States of America,USA,Electricity Utilities,No,small,US6708371033,2657802,01/11/2021,05/08/2021,North-America,Not Aligned,Not Aligned,Not Aligned,North-America_Electricity Utilities_01/04/2022,2030,2019,Carbon intensity (metric tonnes of CO2 per MWh electricity generation),"The company has set a target to reduce its absolute emissions. To calculate this company’s targeted emissions intensity, TPI assumes that the company’s electricity generation grows according to the national or regional electricity generation growth rate projected in the IEA’s 2020 World Energy Outlook’s Stated Policies Scenario (STEPS).",,0.71,0.63,0.65,0.662,0.626,0.552,0.54483864,0.537677279,0.530515919,0.523354558,0.516193198,0.509031837,0.501870477,0.494709116,0.487547756,0.480386396,0.473225035,,,,,,,,,,,,,,,,,,,,
Origin Energy (Electricity Utility),Australia,AUS,Electricity Utilities,Yes,large,AU000000ORG5,6214861,01/11/2021,05/08/2021,OECD,Not Aligned,Not Aligned,Not Aligned,OECD_Electricity Utilities_01/04/2022,2023;2032,2019,Carbon intensity (metric tonnes of CO2 per MWh electricity generation),"The company discloses an emissions intensity using an activity measure and/or emissions figure that is inconsistent with TPI's methodology for this sector. The carbon intensity has been recalculated according to TPI methodology. The company has set targets to reduce its absolute emissions. To calculate this company’s targeted emissions intensities, TPI assumes that the company’s electricity generation grows according to the national or regional electricity generation growth rate projected in the IEA’s 2020 World Energy Outlook’s Stated Policies Scenario (STEPS).",0.778540273,0.771036004,0.776969455,0.774427199,0.796487651,0.841526552,0.838174955,0.819167055,0.800159156,0.781151256,0.762143357,0.721993475,0.681843593,0.641693712,0.60154383,0.561393948,0.521244067,0.481094185,0.440944303,0.400794422,,,,,,,,,,,,,,,,,,
Orsted,Denmark,DNK,Electricity Utilities,No,large,DK0060094928,BYT16L4,01/11/2021,05/08/2021,Europe,1.5 Degrees,1.5 Degrees,1.5 Degrees,Europe_Electricity Utilities_01/04/2022,2025,2020,Carbon intensity (metric tonnes of CO2 per MWh electricity generation),TPI has not made any further assumptions in order to project this company’s Carbon Performance.,,,0.379844961,0.368055556,0.236467066,0.2025,0.091758624,0.072805223,0.058244179,0.043683134,0.029122089,0.014561045,0.0,,,,,,,,,,,,,,,,,,,,,,,,,
PG&E,United States of America,USA,Electricity Utilities,No,medium,US69331C1080,2689560,01/11/2021,05/08/2021,North-America,1.5 Degrees,National Pledges,National Pledges,North-America_Electricity Utilities_01/04/2022,,2019,Carbon intensity (metric tonnes of CO2 per MWh electricity generation),"The company has disclosed a 2022 emissions target, but it includes significant activities other than electricity generation and therefore cannot be included in TPI's assessment.",0.078,0.083,0.093,0.067,0.066,0.077,0.073,,,,,,,,,,,,,,,,,,,,,,,,,,,,,,,
PGE,Poland,POL,Electricity Utilities,Yes,medium,PLPGER000010,B544PW9,01/11/2021,05/08/2021,Europe,Not Aligned,Not Aligned,National Pledges,Europe_Electricity Utilities_01/04/2022,2050,2020,Carbon intensity (metric tonnes of CO2 per MWh electricity generation),The company discloses an emissions intensity using an activity measure and/or emissions figure that is inconsistent with TPI's methodology for this sector. The carbon intensity has been recalculated according to TPI methodology.,,,,,,0.991121378,0.958370439,0.941445364,0.910063852,0.87868234,0.847300827,0.815919315,0.784537803,0.753156291,0.721774779,0.690393267,0.659011755,0.627630243,0.59624873,0.564867218,0.533485706,0.502104194,0.470722682,0.43934117,0.407959658,0.376578146,0.345196633,0.313815121,0.282433609,0.251052097,0.219670585,0.188289073,0.156907561,0.125526049,0.094144536,0.062763024,0.031381512,0.0
PPL,United States of America,USA,Electricity Utilities,Yes,large,US69351T1060,2680905,01/11/2021,05/08/2021,OECD,Not Aligned,Not Aligned,Not Aligned,OECD_Electricity Utilities_01/04/2022,2040;2050,2020,Carbon intensity (metric tonnes of CO2 per MWh electricity generation),"The company discloses an emissions intensity using an activity measure and/or emissions figure that is inconsistent with TPI's methodology for this sector. The carbon intensity has been recalculated according to TPI methodology. The company has set a target to reduce its absolute emissions. To calculate this company’s targeted emissions intensity, TPI assumes that the company’s electricity generation grows according to the national or regional electricity generation growth rate projected in the IEA’s 2020 World Energy Outlook’s Stated Policies Scenario (STEPS).",,0.868618258,0.817593936,0.779685386,0.794401503,0.803653549,0.764037435,0.774130519,0.761509127,0.748887735,0.736266344,0.723644952,0.71102356,0.698402168,0.685780776,0.673159385,0.660537993,0.647916601,0.635295209,0.622673818,0.610052426,0.597431034,0.584809642,0.572188251,0.559566859,0.546945467,0.534324075,0.521702683,0.495771234,0.469839784,0.443908334,0.417976884,0.392045434,0.366113984,0.340182534,0.314251084,0.288319634,0.262388184
Pinnacle West Capital,United States of America,USA,Electricity Utilities,No,medium,US7234841010,2048804,01/11/2021,05/08/2021,North-America,Not Aligned,Not Aligned,National Pledges,North-America_Electricity Utilities_01/04/2022,,2020,Carbon intensity (metric tonnes of CO2 per MWh electricity generation),"The company has set a target to reduce its absolute emissions. To calculate this company’s targeted emissions intensity, TPI assumes that the company’s electricity generation grows according to the national or regional electricity generation growth rate projected in the IEA’s 2020 World Energy Outlook’s Stated Policies Scenario (STEPS).",0.543794245,0.553051612,0.539107737,0.405057427,0.431516677,0.473,0.458,0.417758232,0.408828749,0.399899266,0.390969783,0.382040301,0.373110818,0.364181335,0.355251852,0.346322369,0.337392886,0.328463403,0.319533921,0.310604438,0.293348636,0.276092833,0.258837031,0.241581229,0.224325427,0.207069625,0.189813823,0.172558021,0.155302219,0.138046417,0.120790615,0.103534813,0.08627901,0.069023208,0.051767406,0.034511604,0.017255802,0.0
Portland General Electric,United States of America,USA,Electricity Utilities,No,small,US7365088472,B125XQ6,01/11/2021,05/08/2021,North-America,Not Aligned,Not Aligned,Not Aligned,North-America_Electricity Utilities_01/04/2022,,2019,Carbon intensity (metric tonnes of CO2 per MWh electricity generation),The company discloses an emissions target that is inconsistent with TPI’s methodology for this sector.,,,,,0.44,0.44,0.46,,,,,,,,,,,,,,,,,,,,,,,,,,,,,,,
Power Assets,Hong Kong,HKG,Electricity Utilities,Yes,large,HK0006000050,6435327,01/11/2021,05/08/2021,OECD,No or unsuitable disclosure,No or unsuitable disclosure,No or unsuitable disclosure,OECD_Electricity Utilities_01/04/2022,,,Carbon intensity (metric tonnes of CO2 per MWh electricity generation),"The company has not disclosed sufficient data on current emissions, or any quantitative targets to reduce its emissions, which TPI can use to estimate current or future Carbon Performance.",,,,,,,,,,,,,,,,,,,,,,,,,,,,,,,,,,,,,,
Power Grid Corp of India,India,IND,Electricity Utilities,No,large,INE752E01010,B233HS6,01/11/2021,05/08/2021,non-OECD,Not Assessed,Not Assessed,Not Assessed,non-OECD_Electricity Utilities_01/04/2022,,,Carbon intensity (metric tonnes of CO2 per MWh electricity generation),"The company’s activities lie outside the scope of TPI’s Carbon Performance assessment of this sector, hence the company is not assessed.",,,,,,,,,,,,,,,,,,,,,,,,,,,,,,,,,,,,,,
Public Service Enterprise Group,United States of America,USA,Electricity Utilities,No,large,US7445731067,2707677,01/11/2021,05/08/2021,North-America,1.5 Degrees,1.5 Degrees,1.5 Degrees,North-America_Electricity Utilities_01/04/2022,2030,2019,Carbon intensity (metric tonnes of CO2 per MWh electricity generation),TPI has not made any further assumptions in order to project this company’s Carbon Performance.,,,,0.230425198,0.212735075,0.224074897,0.217271004,0.197519094,0.177767185,0.158015275,0.138263366,0.118511457,0.098759547,0.079007638,0.059255728,0.039503819,0.019751909,0.0,,,,,,,,,,,,,,,,,,,,
RWE,Germany,DEU,Electricity Utilities,Yes,large,"DE0007037129, DE0007037145","4768962, 4769147",01/11/2021,05/08/2021,Europe,Not Aligned,Not Aligned,Below 2 Degrees,Europe_Electricity Utilities_01/04/2022,2030;2040,2020,Carbon intensity (metric tonnes of CO2 per MWh electricity generation),TPI has not made any further assumptions in calculate this company’s Carbon Performance.,0.751,0.745,0.715,0.713,0.677,0.684,0.599,0.47,0.452320854,0.434641709,0.416962563,0.399283418,0.381604272,0.363925127,0.346245981,0.328566836,0.31088769,0.293208544,0.26388769,0.234566836,0.205245981,0.175925127,0.146604272,0.117283418,0.087962563,0.058641709,0.029320854,0.0,,,,,,,,,,
Red Electrica,Spain,ESP,Electricity Utilities,No,medium,ES0173093024,BD6FXN3,01/11/2021,05/08/2021,Europe,Not Assessed,Not Assessed,Not Assessed,Europe_Electricity Utilities_01/04/2022,,,Carbon intensity (metric tonnes of CO2 per MWh electricity generation),"The company’s activities lie outside the scope of TPI’s Carbon Performance assessment of this sector, hence the company is not assessed.",,,,,,,,,,,,,,,,,,,,,,,,,,,,,,,,,,,,,,
SSE,United Kingdom,GBR,Electricity Utilities,Yes,large,GB0007908733,790873,01/11/2021,05/08/2021,Europe,Not Aligned,National Pledges,National Pledges,Europe_Electricity Utilities_01/04/2022,2030;2050,2020,Carbon intensity (metric tonnes of CO2 per MWh electricity generation),TPI has not made any further assumptions in calculate this company’s Carbon Performance.,0.576,0.474,0.397,0.302,0.305,0.284,0.288,0.255,0.2417,0.2284,0.2151,0.2018,0.1885,0.1752,0.1619,0.1486,0.1353,0.122,0.1159,0.1098,0.1037,0.0976,0.0915,0.0854,0.0793,0.0732,0.0671,0.061,0.0549,0.0488,0.0427,0.0366,0.0305,0.0244,0.0183,0.0122,0.0061,0.0
Saudi Electricity,Saudi Arabia,SAU,Electricity Utilities,No,large,SA0007879550,B132NM2,01/11/2021,05/08/2021,non-OECD,Not Aligned,Not Aligned,Not Aligned,non-OECD_Electricity Utilities_01/04/2022,,2019,Carbon intensity (metric tonnes of CO2 per MWh electricity generation),The company discloses an emissions target that is inconsistent with TPI’s methodology for this sector.,,,,0.693,0.659,0.636,0.647,,,,,,,,,,,,,,,,,,,,,,,,,,,,,,,
Sempra Energy,United States of America,USA,Electricity Utilities,No,large,US8168511090,2138158,01/11/2021,05/08/2021,North-America,Not Aligned,National Pledges,National Pledges,North-America_Electricity Utilities_01/04/2022,2050,2019,Carbon intensity (metric tonnes of CO2 per MWh electricity generation),TPI has not made any further assumptions in calculate this company’s Carbon Performance.,0.321,0.314792848,0.294381208,0.241310944,0.208198728,0.21772416,0.342008368,0.33097584,0.319943312,0.308910784,0.297878256,0.286845728,0.2758132,0.264780672,0.253748144,0.242715616,0.231683088,0.22065056,0.209618032,0.198585504,0.187552976,0.176520448,0.16548792,0.154455392,0.143422864,0.132390336,0.121357808,0.11032528,0.099292752,0.088260224,0.077227696,0.066195168,0.05516264,0.044130112,0.033097584,0.022065056,0.011032528,0.0
Southern Company,United States of America,USA,Electricity Utilities,Yes,large,US8425871071,2829601,01/11/2021,05/08/2021,North-America,Not Aligned,Not Aligned,National Pledges,North-America_Electricity Utilities_01/04/2022,2030;2050,2020,Carbon intensity (metric tonnes of CO2 per MWh electricity generation),"The company has set a target to reduce its absolute emissions. To calculate this company’s targeted emissions intensity, TPI assumes that the company’s electricity generation grows according to the national or regional electricity generation growth rate projected in the IEA’s 2020 World Energy Outlook’s Stated Policies Scenario (STEPS).",0.577,0.59,0.544,0.528,0.50898,0.491,0.446,0.401,0.401530802,0.402061603,0.402592405,0.403123206,0.403654008,0.404184809,0.404715611,0.405246412,0.405777214,0.406308015,0.385992614,0.365677214,0.345361813,0.325046412,0.304731011,0.284415611,0.26410021,0.243784809,0.223469408,0.203154008,0.182838607,0.162523206,0.142207805,0.121892405,0.101577004,0.081261603,0.060946202,0.040630802,0.020315401,0.0
TEPCO,Japan,JPN,Electricity Utilities,No,large,JP3585800000,6895404,01/11/2021,05/08/2021,OECD,Not Aligned,Not Aligned,Not Aligned,OECD_Electricity Utilities_01/04/2022,2029,2018,Carbon intensity (metric tonnes of CO2 per MWh electricity generation),The company discloses an emissions intensity for the year 2019 using a boundary that is inconsistent with TPI’s methodology for this sector. We therefore do not include this year in the assessment.,,,0.43663319,0.44366148,0.428132691,0.427256333,0.420000231,0.41274413,0.405488028,0.398231927,0.390975825,0.383719723,0.376463622,0.36920752,0.361951419,0.354695317,0.347439216,,,,,,,,,,,,,,,,,,,,,
Tenaga Nasional,Malaysia,MYS,Electricity Utilities,No,large,MYL5347OO009,6904612,01/11/2021,05/08/2021,non-OECD,Not Aligned,Not Aligned,Not Aligned,non-OECD_Electricity Utilities_01/04/2022,,2020,Carbon intensity (metric tonnes of CO2 per MWh electricity generation),"The company has not disclosed any quantitative targets to reduce its emissions, which TPI can use to estimate current or future Carbon Performance.",,0.56,0.54,0.55,0.54,0.57,0.56,0.517426238,,,,,,,,,,,,,,,,,,,,,,,,,,,,,,
Tennessee Valley Authority,United States of America,USA,Electricity Utilities,No,unlisted,0,"",01/11/2021,05/08/2021,North-America,National Pledges,Not Aligned,Not Aligned,North-America_Electricity Utilities_01/04/2022,2030,2020,Carbon intensity (metric tonnes of CO2 per MWh electricity generation),TPI has not made any further assumptions in order to project this company’s Carbon Performance.,,,,,,0.36,0.307,0.288,0.27717,0.26634,0.25551,0.24468,0.23385,0.22302,0.21219,0.20136,0.19053,0.1797,,,,,,,,,,,,,,,,,,,,
Terna,Italy,ITA,Electricity Utilities,No,medium,IT0003242622,B01BN57,01/11/2021,05/08/2021,Europe,Not Assessed,Not Assessed,Not Assessed,Europe_Electricity Utilities_01/04/2022,,,Carbon intensity (metric tonnes of CO2 per MWh electricity generation),"The company’s activities lie outside the scope of TPI’s Carbon Performance assessment of this sector, hence the company is not assessed.",,,,,,,,,,,,,,,,,,,,,,,,,,,,,,,,,,,,,,
Tohoku Elec Power,Japan,JPN,Electricity Utilities,No,large,JP3605400005,6895266,01/11/2021,05/08/2021,OECD,Not Aligned,Not Aligned,Not Aligned,OECD_Electricity Utilities_01/04/2022,2030,2019,Carbon intensity (metric tonnes of CO2 per MWh electricity generation),The company discloses an emissions intensity and target using an activity measure and/or emissions figure that is inconsistent with TPI’s methodology for this sector. The carbon intensity has been recalculated according to TPI methodology.,,,,0.496588217,0.498662126,0.49594229,0.482550897,0.468966172,0.455381447,0.441796723,0.428211998,0.414627273,0.401042549,0.387457824,0.3738731,0.360288375,0.34670365,,,,,,,,,,,,,,,,,,,,,
Uniper,Germany,DEU,Electricity Utilities,Yes,medium,DE000UNSE018,BZ6CZ43,01/11/2021,05/08/2021,Europe,Not Aligned,Not Aligned,National Pledges,Europe_Electricity Utilities_01/04/2022,2050,2020,Carbon intensity (metric tonnes of CO2 per MWh electricity generation),TPI has not made any further assumptions in order to project this company’s Carbon Performance.,,,,0.530641673,0.524006623,0.522378887,0.452358037,0.447949527,0.433017876,0.418086225,0.403154574,0.388222923,0.373291272,0.358359621,0.343427971,0.32849632,0.313564669,0.298633018,0.283701367,0.268769716,0.253838065,0.238906414,0.223974763,0.209043113,0.194111462,0.179179811,0.16424816,0.149316509,0.134384858,0.119453207,0.104521556,0.089589905,0.074658254,0.059726604,0.044794953,0.029863302,0.014931651,0.0
Vattenfall,Sweden,SWE,Electricity Utilities,No,unlisted,0,"",01/11/2021,05/08/2021,Europe,Not Aligned,Not Aligned,Not Aligned,Europe_Electricity Utilities_01/04/2022,,2015,Carbon intensity (metric tonnes of CO2 per MWh electricity generation),"The company discloses an emissions intensity using an activity measure and/or emissions figure that is inconsistent with TPI’s methodology for this sector. The carbon intensity has been recalculated according to TPI methodology for the year 2015, as this is the only year for which appropriate emissions data could be found.",,,0.349132948,,,,,,,,,,,,,,,,,,,,,,,,,,,,,,,,,,,
Verbund AG,Austria,AUT,Electricity Utilities,No,medium,AT0000746409,4661607,01/11/2021,05/08/2021,Europe,1.5 Degrees,Below 2 Degrees,National Pledges,Europe_Electricity Utilities_01/04/2022,2050,2020,Carbon intensity (metric tonnes of CO2 per MWh electricity generation),TPI has not made any further assumptions in order to project this company’s Carbon Performance.,,,0.056,0.031,0.041,0.0344,0.0324,0.0195,0.01885,0.0182,0.01755,0.0169,0.01625,0.0156,0.01495,0.0143,0.01365,0.013,0.01235,0.0117,0.01105,0.0104,0.00975,0.0091,0.00845,0.0078,0.00715,0.0065,0.00585,0.0052,0.00455,0.0039,0.00325,0.0026,0.00195,0.0013,0.00065,0.0
Vistra Energy,United States of America,USA,Electricity Utilities,Yes,medium,US92840M1027,BZ8VJQ8,01/11/2021,05/08/2021,North-America,Not Aligned,Not Aligned,National Pledges,North-America_Electricity Utilities_01/04/2022,2030;2050,2020,Carbon intensity (metric tonnes of CO2 per MWh electricity generation),"The company has set a target to reduce its absolute emissions. To calculate this company’s targeted emissions intensity, TPI assumes that the company’s electricity generation grows according to the national or regional electricity generation growth rate projected in the IEA’s 2020 World Energy Outlook’s Stated Policies Scenario (STEPS).",,,,,1.655,0.711,0.566,0.547,0.531319173,0.515638345,0.499957518,0.48427669,0.468595863,0.452915035,0.437234208,0.42155338,0.405872553,0.390191725,0.370682139,0.351172553,0.331662966,0.31215338,0.292643794,0.273134208,0.253624621,0.234115035,0.214605449,0.195095863,0.175586276,0.15607669,0.136567104,0.117057518,0.097547931,0.078038345,0.058528759,0.039019173,0.019509586,0.0
WEC Energy Group,United States of America,USA,Electricity Utilities,Yes,large,US92939U1060,BYY8XK8,01/11/2021,05/08/2021,North-America,Not Aligned,National Pledges,National Pledges,North-America_Electricity Utilities_01/04/2022,2025;2031;2050,2020,Carbon intensity (metric tonnes of CO2 per MWh electricity generation),"The company has set a target to reduce its absolute emissions. To calculate this company’s targeted emissions intensity, TPI assumes that the company’s electricity generation grows according to the national or regional electricity generation growth rate projected in the IEA’s 2020 World Energy Outlook’s Stated Policies Scenario (STEPS).",0.924273137,0.916628168,0.852902591,0.81,0.83,0.77,0.64,0.6,0.566938401,0.533876801,0.500815202,0.467753602,0.434692003,0.397866744,0.361041486,0.324216227,0.287390968,0.250565709,0.21374045,0.202490953,0.191241456,0.179991958,0.168742461,0.157492963,0.146243466,0.134993969,0.123744471,0.112494974,0.101245476,0.089995979,0.078746482,0.067496984,0.056247487,0.04499799,0.033748492,0.022498995,0.011249497,0.0
XCEL Energy,United States of America,USA,Electricity Utilities,Yes,large,US98389B1008,2614807,01/11/2021,05/08/2021,North-America,Not Aligned,Not Aligned,National Pledges,North-America_Electricity Utilities_01/04/2022,2050,2019,Carbon intensity (metric tonnes of CO2 per MWh electricity generation),"The company has disclosed an 80% emissions reduction target for 2030, but TPI cannot include it in our assessment as our methodology for the sector currently does not include purchased electricity.",,,,0.71476923,0.713560837,0.686389948,0.652980495,0.631916608,0.610852721,0.589788834,0.568724947,0.54766106,0.526597173,0.505533286,0.484469399,0.463405512,0.442341625,0.421277739,0.400213852,0.379149965,0.358086078,0.337022191,0.315958304,0.294894417,0.27383053,0.252766643,0.231702756,0.210638869,0.189574982,0.168511095,0.147447208,0.126383322,0.105319435,0.084255548,0.063191661,0.042127774,0.021063887,0.0
