﻿Company Name,Geography,Geography Code,Sector,CA100 Company?,Large/Medium Classification,ISINs,SEDOL,Publication Date,Assessment Date,Level,Performance compared to previous year,Q1L0|Does the company acknowledge climate change as a significant issue for the business?,Q2L1|Does the company recognise climate change as a relevant risk and/or opportunity for the business?,Q3L1|Does the company have a policy (or equivalent) commitment to action on climate change?,Q4L2|Has the company set greenhouse gas emission reduction targets?,Q5L2|Has the company published information on its Scope 1 and 2 greenhouse gas emissions?,Q6L3|Has the company nominated a board member or board committee with explicit responsibility for oversight of the climate change policy?,Q7L3|Has the company set quantitative targets for reducing its greenhouse gas emissions?,Q8L3|Does the company report on Scope 3 emissions?,Q9L3|Has the company had its operational (Scope 1 and/or 2) greenhouse gas emissions data verified?,Q10L3|Does the company support domestic and international efforts to mitigate climate change?,Q11L3|Does the company have a process to manage climate-related risks?,Q12L3|Does the company disclose Scope 3 use of product emissions?,Q13L4|Does the company disclose its membership and involvement in organisations or coalitions dedicated specifically to climate issues?,Q14L4|Has the company set long-term quantitative targets for reducing its greenhouse gas emissions?,Q15L4|Does the company's remuneration for senior executives incorporate climate change performance?,Q16L4|Does the company incorporate climate change risks and opportunities in their strategy?,Q17L4|Does the company undertake climate scenario planning?,Q18L4|Does the company disclose an internal price of carbon?,Q19L4|Does the company ensure consistency between its climate change policy and the positions taken by trade associations of which it is a member?
ACC,India,IND,Cement,No,medium,INE012A01025,6155915,01/11/2021,31/03/2021,4,up,Yes,Yes,Yes,Yes,Yes,Yes,Yes,Yes,Yes,Yes,Yes,Not applicable,No,Yes,No,No,No,Yes,No
ADBRI,Australia,AUS,Cement,Yes,medium,AU000000ABC7,6006886,01/11/2021,31/03/2021,3,up,Yes,Yes,Yes,Yes,Yes,Yes,Yes,No,No,No,No,Not applicable,No,Yes,No,No,Yes,No,No
AES,United States of America,USA,Electricity Utilities,Yes,medium,US00130H1059,2002479,01/11/2021,31/03/2021,4,unchanged,Yes,Yes,Yes,Yes,Yes,Yes,Yes,Yes,Yes,Yes,Yes,Not applicable,No,Yes,Yes,Yes,Yes,Yes,No
AGL Energy,Australia,AUS,Electricity Utilities,Yes,large,"AU000000AGL7, AU000000AGK9","BSS7GP5, BQ6Q917",01/11/2021,31/03/2021,3,down,Yes,Yes,Yes,Yes,Yes,Yes,Yes,Yes,Yes,No,Yes,Not applicable,No,Yes,No,No,Yes,Yes,No
ANA Group,Japan,JPN,Airlines,No,large,JP3429800000,6014908,01/11/2021,31/03/2021,4,up,Yes,Yes,Yes,Yes,Yes,Yes,Yes,Yes,Yes,Yes,Yes,Not applicable,No,Yes,Yes,Yes,Yes,No,No
ANTAM,Indonesia,IDN,Coal Mining,Yes,small,ID1000106602,6053859,01/11/2021,31/03/2021,1,unchanged,Yes,No,Yes,No,Yes,No,No,No,Yes,No,No,No,No,No,No,No,No,No,No
AP Moller – Maersk,Denmark,DNK,Shipping,Yes,large,"DK0010244425, DK0010244508","4253059, 4253048",01/11/2021,31/03/2021,4,up,Yes,Yes,Yes,Yes,Yes,Yes,Yes,Yes,Yes,Yes,Yes,Not applicable,No,Yes,No,No,No,No,No
APA Corporation,United States of America,USA,Oil & Gas,No,medium,US03743Q1085,BNNF1C1,01/11/2021,31/03/2021,2,down,Yes,Yes,Yes,No,Yes,Yes,No,No,No,No,Yes,No,Yes,No,No,No,No,No,No
Acerinox,Spain,ESP,Steel,No,small,ES0132105018,B01ZVZ5,01/11/2021,31/03/2021,4,unchanged,Yes,Yes,Yes,Yes,Yes,Yes,Yes,Yes,Yes,Yes,Yes,Not applicable,No,Yes,Yes,No,Yes,Yes,No
Adani Enterprises,India,IND,Coal Mining,No,medium,INE423A01024,B01VRK0,01/11/2021,31/03/2021,1,unchanged,Yes,No,Yes,No,Yes,No,No,Yes,Yes,No,No,No,No,No,No,No,No,No,No
Adaro Energy,Indonesia,IDN,Coal Mining,No,medium,ID1000111305,B3BQFC4,01/11/2021,31/03/2021,1,up,Yes,No,Yes,No,No,No,No,No,No,No,No,No,No,No,No,No,No,No,No
African Rainbow Minerals,South Africa,ZAF,Coal Mining,No,medium,ZAE000054045,6041122,01/11/2021,31/03/2021,4,up,Yes,Yes,Yes,Yes,Yes,Yes,Yes,Yes,Yes,Yes,Yes,Yes,No,No,Yes,Yes,No,No,No
Air Canada,Canada,CAN,Airlines,No,small,CA0089118776,BSDHYK1,01/11/2021,31/03/2021,4,unchanged,Yes,Yes,Yes,Yes,Yes,Yes,Yes,Yes,Yes,Yes,Yes,Not applicable,No,Yes,No,Yes,No,Yes,No
Air China,China,CHN,Airlines,No,large,"CNE1000001S0, CNE000001NN0","B04KNF1, B1B8WM5, BP3R4G6",01/11/2021,31/03/2021,1,unchanged,Yes,No,Yes,No,No,No,No,No,Yes,No,No,Not applicable,No,No,No,No,No,No,No
Air France KLM,France,FRA,Airlines,Yes,medium,FR0000031122,4916039,01/11/2021,31/03/2021,4,unchanged,Yes,Yes,Yes,Yes,Yes,Yes,Yes,Yes,Yes,Yes,Yes,Not applicable,No,Yes,Yes,No,Yes,Yes,No
Air Liquide,France,FRA,Chemicals,Yes,large,FR0000120073,B1YXBJ7,01/11/2021,31/03/2021,4,down,Yes,Yes,Yes,Yes,Yes,Yes,Yes,Yes,Yes,Yes,Yes,Not applicable,Yes,Yes,Yes,Yes,Yes,Yes,No
Air Products And Chemcom,United States of America,USA,Chemicals,No,large,US0091581068,2011602,01/11/2021,31/03/2021,4,up,Yes,Yes,Yes,Yes,Yes,Yes,Yes,Yes,Yes,Yes,Yes,Not applicable,No,Yes,Yes,No,No,No,No
AirAsia Group Berhad,Malaysia,MYS,Airlines,No,medium,MYL5099OO006,B03J9L7,01/11/2021,31/03/2021,3,new,Yes,Yes,Yes,Yes,Yes,No,Yes,No,No,No,No,Not applicable,No,Yes,No,No,No,No,No
Airbus,France,FRA,Other Industrials,Yes,large,NL0000235190,4012250,01/11/2021,31/03/2021,3,down,Yes,Yes,Yes,Yes,Yes,Yes,Yes,Yes,Yes,Yes,Yes,No,No,Yes,No,No,Yes,Yes,No
Akzo Nobel,Netherlands,NLD,Chemicals,No,large,NL0013267909,BJ2KSG2,01/11/2021,31/03/2021,3,unchanged,Yes,Yes,Yes,Yes,Yes,No,Yes,Yes,Yes,Yes,No,Not applicable,Yes,Yes,No,No,No,No,No
Alaska Air,United States of America,USA,Airlines,No,medium,US0116591092,2012605,01/11/2021,31/03/2021,3,unchanged,Yes,Yes,Yes,Yes,Yes,Yes,Yes,No,No,No,Yes,Not applicable,No,Yes,No,No,No,No,No
Alcoa,United States of America,USA,Aluminium,No,small,US0138721065,BYNF418,01/11/2021,31/03/2021,4,up,Yes,Yes,Yes,Yes,Yes,Yes,Yes,Yes,Yes,Yes,Yes,Not applicable,No,Yes,Yes,No,No,No,No
Algonquin Power & Utilities,Canada,CAN,Electricity Utilities,No,small,CA0158571053,B51BMR7,01/11/2021,31/03/2021,3,unchanged,Yes,Yes,Yes,Yes,Yes,Yes,Yes,Yes,Yes,No,Yes,Not applicable,No,Yes,No,No,Yes,No,No
Alliant Energy,United States of America,USA,Electricity Utilities,No,medium,US0188021085,2973821,01/11/2021,31/03/2021,3,unchanged,Yes,Yes,Yes,Yes,Yes,Yes,Yes,Yes,No,Yes,Yes,Not applicable,No,Yes,Yes,No,No,Yes,No
Alumina,Australia,AUS,Aluminium,No,large,AU000000AWC3,6954985,01/11/2021,31/03/2021,3,unchanged,Yes,Yes,Yes,Yes,Yes,Yes,Yes,Yes,No,Yes,Yes,Not applicable,No,Yes,Yes,No,No,No,No
Ambuja Cements,India,IND,Cement,No,large,INE079A01024,B09QQ11,01/11/2021,31/03/2021,4,unchanged,Yes,Yes,Yes,Yes,Yes,Yes,Yes,Yes,Yes,Yes,Yes,Not applicable,No,Yes,Yes,Yes,No,Yes,No
Ameren,United States of America,USA,Electricity Utilities,No,medium,US0236081024,2050832,01/11/2021,31/03/2021,4,up,Yes,Yes,Yes,Yes,Yes,Yes,Yes,Yes,Yes,Yes,Yes,Not applicable,No,Yes,Yes,Yes,Yes,Yes,No
American Airlines,United States of America,USA,Airlines,Yes,medium,US02376R1023,BCV7KT2,01/11/2021,31/03/2021,4,up,Yes,Yes,Yes,Yes,Yes,Yes,Yes,Yes,Yes,Yes,Yes,Not applicable,No,Yes,No,No,No,No,No
American Electric Power,United States of America,USA,Electricity Utilities,Yes,large,US0255371017,2026242,01/11/2021,31/03/2021,4,unchanged,Yes,Yes,Yes,Yes,Yes,Yes,Yes,Yes,Yes,Yes,Yes,Not applicable,No,Yes,Yes,Yes,Yes,Yes,No
Ampol,Australia,AUS,Oil & Gas,No,large,AU0000088338,BM91201,01/11/2021,31/03/2021,3,new,Yes,Yes,Yes,Yes,Yes,Yes,No,No,Yes,No,Yes,No,No,No,No,No,No,No,No
Anglo American (Coal Mining),United Kingdom,GBR,Coal Mining,Yes,large,GB00B1XZS820,"B1XZS82, B1YW0L9",01/11/2021,31/03/2021,4STAR,unchanged,Yes,Yes,Yes,Yes,Yes,Yes,Yes,Yes,Yes,Yes,Yes,Yes,Yes,Yes,Yes,Yes,Yes,Yes,Yes
Anglo American (Diversified mining),United Kingdom,GBR,Diversified Mining,Yes,large,GB00B1XZS820,"B1XZS82, B1YW0L9",01/11/2021,31/03/2021,4STAR,unchanged,Yes,Yes,Yes,Yes,Yes,Yes,Yes,Yes,Yes,Yes,Yes,Yes,Yes,Yes,Yes,Yes,Yes,Yes,Yes
Anhui Conch Cement,China,CHN,Cement,Yes,large,"CNE1000001W2, CNE0000019V8","6080396, 6441595, BP3R2Z1",01/11/2021,31/03/2021,1,unchanged,Yes,No,Yes,Yes,No,No,Yes,No,No,No,No,Not applicable,No,Yes,No,No,No,No,No
Arcelor Mittal,Netherlands,NLD,Steel,Yes,large,LU1598757687,BYPBS67,01/11/2021,31/03/2021,4,unchanged,Yes,Yes,Yes,Yes,Yes,Yes,Yes,Yes,Yes,Yes,Yes,Not applicable,No,Yes,Yes,Yes,Yes,Yes,No
Arkema,France,FRA,Chemicals,No,medium,FR0010313833,B0Z5YZ2,01/11/2021,31/03/2021,3,new,Yes,Yes,Yes,Yes,Yes,No,Yes,Yes,Yes,Yes,Yes,Not applicable,No,Yes,Yes,Yes,Yes,Yes,No
Asahi Kasei,Japan,JPN,Chemicals,No,large,JP3111200006,6054603,01/11/2021,31/03/2021,3,unchanged,Yes,Yes,Yes,Yes,Yes,Yes,Yes,Yes,Yes,No,Yes,Not applicable,No,Yes,Yes,Yes,Yes,Yes,No
Asia Cement,Taiwan,TWN,Cement,No,large,TW0001102002,6056331,01/11/2021,31/03/2021,3,unchanged,Yes,Yes,Yes,Yes,Yes,Yes,Yes,Yes,Yes,No,Yes,Not applicable,No,Yes,No,No,No,No,No
Astra International,Indonesia,IDN,Coal Mining,No,large,ID1000122807,B800MQ5,01/11/2021,31/03/2021,1,unchanged,Yes,No,Yes,No,No,No,No,No,No,No,No,No,No,No,No,No,No,No,No
Azul,Brazil,BRA,Airlines,No,medium,BRAZULACNPR4,BD97PR4,01/11/2021,31/03/2021,3,up,Yes,Yes,Yes,Yes,Yes,Yes,Yes,Yes,No,No,No,Not applicable,No,Yes,No,No,No,No,No
BASF,Germany,DEU,Chemicals,Yes,large,DE000BASF111,"5086577, 0083142, 5086599",01/11/2021,31/03/2021,4,up,Yes,Yes,Yes,Yes,Yes,Yes,Yes,Yes,Yes,Yes,Yes,Not applicable,No,Yes,Yes,Yes,No,Yes,No
BBMG,China,CHN,Cement,No,medium,"CNE100000F20, CNE1000010M4","B3NFC51, B3NBFQ1, BP3R5N0",01/11/2021,31/03/2021,1,unchanged,Yes,No,Yes,No,Yes,No,No,No,No,No,No,Not applicable,No,No,No,No,No,No,No
BHP (Coal Mining),United Kingdom,GBR,Coal Mining,Yes,large,not found,not found,01/11/2021,31/03/2021,4STAR,unchanged,Yes,Yes,Yes,Yes,Yes,Yes,Yes,Yes,Yes,Yes,Yes,Yes,Yes,Yes,Yes,Yes,Yes,Yes,Yes
BHP (Diversified mining),United Kingdom,GBR,Diversified Mining,Yes,large,not found,not found,01/11/2021,31/03/2021,4STAR,unchanged,Yes,Yes,Yes,Yes,Yes,Yes,Yes,Yes,Yes,Yes,Yes,Yes,Yes,Yes,Yes,Yes,Yes,Yes,Yes
BMW,Germany,DEU,Autos,Yes,large,"DE0005190003, DE0005190037","5756029, 5756030",01/11/2021,31/03/2021,4,down,Yes,Yes,Yes,Yes,Yes,Yes,Yes,Yes,Yes,Yes,Yes,Yes,No,Yes,Yes,Yes,Yes,Yes,No
BP,United Kingdom,GBR,Oil & Gas,Yes,large,GB0007980591,798059,01/11/2021,31/03/2021,4STAR,unchanged,Yes,Yes,Yes,Yes,Yes,Yes,Yes,Yes,Yes,Yes,Yes,Yes,Yes,Yes,Yes,Yes,Yes,Yes,Yes
BYD,China,CHN,Autos,No,large,"CNE100000296, CNE100001526","6536651, B466322, BD5CQ69",01/11/2021,31/03/2021,1,unchanged,Yes,No,Yes,No,Yes,No,No,No,No,No,No,No,No,No,No,No,No,No,No
Banpu,Thailand,THA,Coal Mining,No,medium,"TH0148A10Z06, DummyISINPU5, DummyISINPU4","BJFHBV6, BKWGX17, BKWGWJ8, BD2YHY3",01/11/2021,31/03/2021,3,unchanged,Yes,Yes,Yes,Yes,Yes,Yes,Yes,Yes,Yes,No,Yes,No,No,No,Yes,No,No,No,No
Baoshan Iron & Steel,China,CHN,Steel,No,unlisted,CNE0000015R4,"6307954, BP3R2Y0",01/11/2021,31/03/2021,1,new,Yes,No,Yes,No,No,No,No,No,No,No,No,Not applicable,No,No,No,No,No,No,No
Bayer,Germany,DEU,Services,Yes,large,DE000BAY0017,"5069211, 5069459",01/11/2021,31/03/2021,4,unchanged,Yes,Yes,Yes,Yes,Yes,Yes,Yes,Yes,Yes,Yes,Yes,Not applicable,No,Yes,Yes,Yes,Yes,Yes,No
Berkshire Hathaway (Electricity Utility),United States of America,USA,Electricity Utilities,No,large,"US0846701086, US0846707026","2093666, 2073390",01/11/2021,31/03/2021,1,new,Yes,Yes,No,No,No,No,No,No,No,No,No,Not applicable,No,No,No,No,No,No,No
Berkshire Hathaway (Services),United States of America,USA,Services,Yes,large,"US0846701086, US0846707026","2093666, 2073390",01/11/2021,31/03/2021,1,up,Yes,Yes,No,No,No,No,No,No,No,No,No,Not applicable,No,No,No,No,No,No,No
Bharat Petroleum,India,IND,Oil & Gas,No,large,INE029A01011,6099723,01/11/2021,31/03/2021,2,new,Yes,Yes,Yes,No,Yes,Yes,No,Yes,Yes,No,Yes,No,No,No,No,No,No,No,No
Black Hills,United States of America,USA,Electricity Utilities,No,small,US0921131092,2101741,01/11/2021,31/03/2021,3,up,Yes,Yes,Yes,Yes,Yes,No,Yes,No,No,No,No,Not applicable,No,Yes,No,No,No,No,No
Bluescope Steel,Australia,AUS,Steel,Yes,large,AU000000BSL0,6533232,01/11/2021,31/03/2021,3,unchanged,Yes,Yes,Yes,Yes,Yes,Yes,Yes,Yes,No,Yes,Yes,Not applicable,No,Yes,Yes,No,No,No,No
Boeing,United States of America,USA,Other Industrials,Yes,large,US0970231058,2108601,01/11/2021,31/03/2021,3,unchanged,Yes,Yes,Yes,Yes,Yes,Yes,Yes,Yes,Yes,No,Yes,No,No,Yes,No,No,No,No,No
Boral,Australia,AUS,Cement,Yes,large,AU000000BLD2,6218670,01/11/2021,31/03/2021,3,unchanged,Yes,Yes,Yes,Yes,Yes,Yes,Yes,Yes,No,Yes,Yes,Not applicable,No,Yes,No,No,Yes,No,No
Brenntag,Germany,DEU,Chemicals,No,medium,DE000A1DAHH0,B4YVF56,01/11/2021,31/03/2021,3,up,Yes,Yes,Yes,Yes,Yes,No,Yes,Yes,Yes,No,Yes,Not applicable,No,No,No,No,No,No,No
Brilliance,China,CHN,Autos,No,large,BMG1368B1028,6181482,01/11/2021,31/03/2021,0,unchanged,No,No,No,No,No,No,No,No,No,No,No,No,No,No,No,No,No,No,No
Bukit Asam,Indonesia,IDN,Coal Mining,No,medium,ID1000094006,6565127,01/11/2021,31/03/2021,1,unchanged,Yes,No,Yes,No,Yes,No,No,No,No,No,No,No,No,No,No,No,No,No,No
Bumi,Indonesia,IDN,Coal Mining,Yes,small,ID1000068703,6043485,01/11/2021,31/03/2021,2,up,Yes,Yes,Yes,No,Yes,Yes,No,No,Yes,No,Yes,No,No,No,No,No,No,No,No
Bunge,United States of America,USA,Consumer Goods,Yes,medium,BMG169621056,2788713,01/11/2021,31/03/2021,3,unchanged,Yes,Yes,Yes,Yes,Yes,Yes,Yes,Yes,No,Yes,Yes,Not applicable,No,Yes,Yes,Yes,No,Yes,No
Buzzi Unicem,Italy,ITA,Cement,No,medium,"IT0001347308, IT0001369427","5782206, 5782284",01/11/2021,31/03/2021,3,up,Yes,Yes,Yes,Yes,Yes,No,Yes,No,Yes,No,No,Not applicable,No,No,No,No,No,No,No
CEZ,Czechia,CZE,Electricity Utilities,Yes,large,CZ0005112300,5624030,01/11/2021,31/03/2021,4,up,Yes,Yes,Yes,Yes,Yes,Yes,Yes,Yes,Yes,Yes,Yes,Not applicable,Yes,Yes,Yes,Yes,No,Yes,No
CF Industries,United States of America,USA,Chemicals,No,medium,US1252691001,B0G4K50,01/11/2021,31/03/2021,3,up,Yes,Yes,Yes,Yes,Yes,Yes,Yes,No,No,No,Yes,Not applicable,No,Yes,No,No,No,No,No
CK Infrastructure,Hong Kong,HKG,Electricity Utilities,No,large,BMG2178K1009,BYVS6J1,01/11/2021,31/03/2021,3,up,Yes,Yes,Yes,Yes,Yes,No,Yes,No,No,No,No,Not applicable,No,Yes,No,No,No,No,No
CLP,Hong Kong,HKG,Electricity Utilities,No,large,HK0002007356,6097017,01/11/2021,31/03/2021,4,unchanged,Yes,Yes,Yes,Yes,Yes,Yes,Yes,Yes,Yes,Yes,Yes,Not applicable,No,Yes,Yes,Yes,No,No,No
CMPC,Chile,CHL,Paper,No,large,CL0000001314,2196015,01/11/2021,31/03/2021,3,down,Yes,Yes,Yes,Yes,Yes,Yes,Yes,Yes,Yes,No,Yes,Not applicable,No,Yes,Yes,No,Yes,No,No
CMS Energy,United States of America,USA,Electricity Utilities,No,medium,US1258961002,2219224,01/11/2021,31/03/2021,4,unchanged,Yes,Yes,Yes,Yes,Yes,Yes,Yes,Yes,Yes,Yes,Yes,Not applicable,No,Yes,No,No,No,No,No
CNOOC,China,CHN,Oil & Gas,Yes,large,HK0883013259,B00G0S5,01/11/2021,31/03/2021,3,up,Yes,Yes,Yes,Yes,Yes,No,Yes,No,Yes,No,Yes,No,No,No,No,No,No,No,No
COSCO Shipping Energy,China,CHN,Shipping,No,medium,"CNE1000002S8, CNE000001BD6","6782045, 6344627, BP3R9Y9",01/11/2021,31/03/2021,1,unchanged,Yes,No,Yes,No,Yes,No,No,No,No,No,No,Not applicable,No,No,No,No,No,No,No
COSCO Shipping Lines,China,CHN,Shipping,No,large,"CNE1000002J7, CNE100000601","B0B8Z18, B1YQ5Q1, BP3R552",01/11/2021,31/03/2021,2,up,Yes,Yes,Yes,No,Yes,No,No,No,No,No,Yes,Not applicable,No,No,No,No,No,No,No
CRH,United Kingdom,GBR,Cement,Yes,large,IE0001827041,"0182704, 4182249",01/11/2021,31/03/2021,4,unchanged,Yes,Yes,Yes,Yes,Yes,Yes,Yes,Yes,Yes,Yes,Yes,Not applicable,No,Yes,Yes,Yes,Yes,Yes,No
Cabot Oil & Gas,United States of America,USA,Oil & Gas,No,medium,US1270971039,2162340,01/11/2021,31/03/2021,2,unchanged,Yes,Yes,Yes,No,Yes,Yes,No,Yes,No,Yes,No,No,No,No,No,No,No,No,No
Canadian Natural Resources,Canada,CAN,Oil & Gas,Yes,large,CA1363851017,"2171573, BD4DBT1",01/11/2021,31/03/2021,3,unchanged,Yes,Yes,Yes,Yes,Yes,Yes,Yes,No,Yes,Yes,Yes,No,No,Yes,Yes,No,Yes,No,No
Carpenter Tech,United States of America,USA,Steel,No,small,US1442851036,2177504,01/11/2021,31/03/2021,2,unchanged,Yes,Yes,Yes,No,No,No,No,No,No,No,No,Not applicable,No,No,No,No,No,No,No
Cascades,Canada,CAN,Paper,No,small,CA1469001053,2179254,01/11/2021,31/03/2021,3,unchanged,Yes,Yes,Yes,Yes,Yes,Yes,Yes,Yes,No,No,Yes,Not applicable,No,No,Yes,No,No,No,No
Caterpillar,United States of America,USA,Other Industrials,Yes,large,US1491231015,2180201,01/11/2021,31/03/2021,3,unchanged,Yes,Yes,Yes,Yes,Yes,No,Yes,No,Yes,No,No,No,No,Yes,No,No,No,No,No
Cathay Pacific Airways,Hong Kong,HKG,Airlines,No,large,HK0293001514,6179755,01/11/2021,31/03/2021,3,new,Yes,Yes,Yes,Yes,Yes,Yes,Yes,No,Yes,Yes,Yes,Not applicable,No,Yes,No,No,No,No,No
Celanese,United States of America,USA,Chemicals,No,medium,US1508701034,B05MZT4,01/11/2021,31/03/2021,3,unchanged,Yes,Yes,Yes,Yes,Yes,Yes,Yes,No,Yes,No,Yes,Not applicable,No,Yes,No,Yes,No,No,No
Cemex,Mexico,MEX,Cement,Yes,large,"MXP225611567, US1512908898","2406457, 2488671",01/11/2021,31/03/2021,4,unchanged,Yes,Yes,Yes,Yes,Yes,Yes,Yes,Yes,Yes,Yes,Yes,Not applicable,No,Yes,Yes,No,Yes,Yes,No
Cenovus Energy,Canada,CAN,Oil & Gas,No,medium,CA15135U1093,B57FG04,01/11/2021,31/03/2021,3,unchanged,Yes,Yes,Yes,Yes,Yes,Yes,Yes,No,Yes,Yes,Yes,No,No,Yes,Yes,No,Yes,Yes,No
CenterPoint Energy,United States of America,USA,Electricity Utilities,No,medium,US15189T1079,2440637,01/11/2021,31/03/2021,2,unchanged,Yes,Yes,Yes,Yes,No,No,Yes,Yes,No,No,No,Not applicable,No,Yes,No,No,No,No,No
Centrica,United Kingdom,GBR,Oil & Gas Distribution,Yes,medium,GB00B033F229,B033F22,01/11/2021,31/03/2021,4,unchanged,Yes,Yes,Yes,Yes,Yes,Yes,Yes,Yes,Yes,Yes,Yes,Yes,Yes,Yes,Yes,Yes,Yes,Yes,No
Chalco,China,CHN,Aluminium,No,large,"CNE1000001T8, CNE1000000T0","6425395, B1WLHY0, BP3R4D3",01/11/2021,31/03/2021,1,unchanged,Yes,No,No,No,Yes,Yes,No,No,No,No,No,Not applicable,No,No,No,No,No,No,No
Cheng Loong,Taiwan,TWN,Paper,No,small,TW0001904001,6190239,01/11/2021,31/03/2021,3,new,Yes,Yes,Yes,Yes,Yes,Yes,Yes,Yes,Yes,No,No,Not applicable,No,Yes,No,No,No,No,No
Cheniere Energy,United States of America,USA,Oil & Gas Distribution,No,medium,US16411R2085,2654364,01/11/2021,31/03/2021,2,unchanged,Yes,Yes,Yes,No,Yes,Yes,No,No,Yes,No,Yes,No,No,No,No,No,No,No,No
Chevron,United States of America,USA,Oil & Gas,Yes,large,US1667641005,2838555,01/11/2021,31/03/2021,3,unchanged,Yes,Yes,Yes,Yes,Yes,Yes,Yes,Yes,Yes,Yes,Yes,No,No,Yes,No,No,Yes,Yes,No
China Coal,China,CHN,Coal Mining,No,large,"CNE100000528, CNE100000957","B1JNK84, B2NWDF2, BP3R3P8",01/11/2021,31/03/2021,1,unchanged,Yes,No,Yes,No,No,No,No,No,No,No,No,No,No,No,No,No,No,No,No
China Eastern Airlines,China,CHN,Airlines,No,large,"CNE1000002K5, CNE000000TR0","6171375, 6085261, BP3R5X0",01/11/2021,31/03/2021,2,new,Yes,Yes,Yes,No,No,Yes,No,No,Yes,No,No,Not applicable,No,No,No,No,No,No,No
China Hongqiao Group,China,CHN,Aluminium,No,medium,KYG211501005,B44ZV94,01/11/2021,31/03/2021,1,unchanged,Yes,Yes,No,No,Yes,No,No,Yes,No,No,No,Not applicable,No,No,No,No,No,No,No
China Merchants Energy Shipping,China,CHN,Shipping,No,large,CNE000001PQ8,"B1H6P80, BP3R8G4",01/11/2021,31/03/2021,1,unchanged,Yes,No,Yes,No,No,No,No,No,No,No,No,Not applicable,No,No,No,No,No,No,No
China National Building Materials,China,CHN,Cement,No,large,CNE1000002N9,B0Y91C1,01/11/2021,31/03/2021,1,unchanged,Yes,No,Yes,No,No,No,No,No,No,No,No,Not applicable,No,No,No,No,No,No,No
China Resources Cement,China,CHN,Cement,No,large,KYG2113L1068,B41XC98,01/11/2021,31/03/2021,2,up,Yes,Yes,Yes,No,Yes,No,No,No,No,No,No,Not applicable,No,No,No,No,No,No,No
China Resources Power,China,CHN,Electricity Utilities,No,large,HK0836012952,6711566,01/11/2021,31/03/2021,2,up,Yes,Yes,Yes,No,No,Yes,No,No,Yes,No,Yes,Not applicable,No,No,No,No,No,No,No
China Shenhua Energy,China,CHN,Coal Mining,Yes,large,"CNE1000002R0, CNE100000767","B09N7M0, B281JM3, BP3R262",01/11/2021,31/03/2021,3,up,Yes,Yes,Yes,Yes,Yes,Yes,Yes,Yes,Yes,No,Yes,No,No,No,No,No,No,No,No
China Southern,China,CHN,Airlines,No,large,"CNE1000002T6, CNE000001FG0","6013693, 6664972, BP3R6G0",01/11/2021,31/03/2021,1,unchanged,Yes,No,Yes,No,Yes,No,No,No,No,No,No,Not applicable,No,No,No,No,No,No,No
China Steel,Taiwan,TWN,Steel,Yes,large,TW0002002003,6190950,01/11/2021,31/03/2021,3,unchanged,Yes,Yes,Yes,Yes,Yes,No,Yes,Yes,Yes,No,Yes,Not applicable,No,Yes,No,No,No,No,No
China Zhongwang,China,CHN,Aluminium,No,medium,KYG215AT1023,B3VZ220,01/11/2021,31/03/2021,1,unchanged,Yes,No,Yes,No,Yes,No,No,No,No,No,No,Not applicable,No,No,No,No,No,No,No
Chubu Electric Power,Japan,JPN,Electricity Utilities,No,large,JP3526600006,6195609,01/11/2021,31/03/2021,3,unchanged,Yes,Yes,Yes,Yes,Yes,Yes,Yes,Yes,No,No,Yes,Not applicable,Yes,Yes,No,Yes,Yes,No,No
Chugoku,Japan,JPN,Electricity Utilities,No,medium,JP3522200009,6195900,01/11/2021,31/03/2021,3,unchanged,Yes,Yes,Yes,Yes,Yes,Yes,Yes,Yes,Yes,No,Yes,Not applicable,Yes,Yes,No,Yes,No,Yes,No
Cleveland-Cliffs,United States of America,USA,Steel,No,small,US1858991011,BYVZ186,01/11/2021,31/03/2021,2,new,Yes,Yes,Yes,No,Yes,No,No,Yes,No,No,No,Not applicable,No,No,No,No,No,No,No
Coal India,India,IND,Coal Mining,Yes,large,INE522F01014,B4Z9XF5,01/11/2021,31/03/2021,1,unchanged,Yes,No,Yes,No,No,No,No,No,No,No,No,No,No,No,No,No,No,No,No
Coca-Cola,United States of America,USA,Consumer Goods,Yes,large,US1912161007,2206657,01/11/2021,31/03/2021,4,unchanged,Yes,Yes,Yes,Yes,Yes,Yes,Yes,Yes,Yes,Yes,Yes,Not applicable,No,Yes,Yes,Yes,No,No,No
Colgate-Palmolive,United States of America,USA,Consumer Goods,Yes,large,US1941621039,2209106,01/11/2021,31/03/2021,3,unchanged,Yes,Yes,Yes,Yes,Yes,Yes,Yes,Yes,Yes,No,Yes,Not applicable,No,Yes,Yes,Yes,No,Yes,No
Commercial Metals,United States of America,USA,Steel,No,small,US2017231034,2213260,01/11/2021,31/03/2021,3,up,Yes,Yes,Yes,Yes,Yes,Yes,Yes,No,No,No,Yes,Not applicable,No,Yes,No,No,No,No,No
Companhia Siderurgica Nacional (Cement),Brazil,BRA,Cement,No,medium,"BRCSNAACNOR6, US20440W1053","B019KX8, 2220936",01/11/2021,31/03/2021,3,new,Yes,Yes,Yes,Yes,Yes,Yes,Yes,Yes,Yes,Yes,No,Not applicable,No,Yes,No,No,No,No,No
Con Edison,United States of America,USA,Electricity Utilities,No,large,US2091151041,2216850,01/11/2021,31/03/2021,3,unchanged,Yes,Yes,Yes,Yes,Yes,Yes,Yes,Yes,No,No,Yes,Not applicable,No,Yes,Yes,Yes,Yes,No,No
ConocoPhillips,United States of America,USA,Oil & Gas,Yes,large,US20825C1045,2685717,01/11/2021,31/03/2021,4,unchanged,Yes,Yes,Yes,Yes,Yes,Yes,Yes,Yes,Yes,Yes,Yes,Yes,Yes,Yes,Yes,No,Yes,Yes,No
Consol Energy,United States of America,USA,Coal Mining,No,small,US20854L1089,BF4L070,01/11/2021,31/03/2021,1,unchanged,Yes,Yes,No,No,Yes,Yes,No,Yes,Yes,No,Yes,No,No,No,No,No,No,No,No
Coronado Global Resources,Australia,AUS,Coal Mining,No,small,AU0000026122,BGV71W0,01/11/2021,31/03/2021,2,unchanged,Yes,Yes,Yes,No,Yes,No,No,No,Yes,No,No,No,No,No,No,No,No,No,No
Covestro,Germany,DEU,Chemicals,No,medium,DE0006062144,BYTBWY9,01/11/2021,31/03/2021,3,unchanged,Yes,Yes,Yes,Yes,Yes,Yes,Yes,No,Yes,No,Yes,Not applicable,No,Yes,No,No,No,No,No
Croda International,United Kingdom,GBR,Chemicals,No,medium,GB00BJFFLV09,BJFFLV0,01/11/2021,31/03/2021,3,unchanged,Yes,Yes,Yes,Yes,Yes,Yes,Yes,Yes,Yes,No,Yes,Not applicable,No,Yes,Yes,Yes,No,Yes,No
Cummins,United States of America,USA,Other Industrials,Yes,large,US2310211063,2240202,01/11/2021,31/03/2021,4,unchanged,Yes,Yes,Yes,Yes,Yes,Yes,Yes,Yes,Yes,Yes,Yes,Yes,No,Yes,No,Yes,No,Yes,No
DMCI,Philippines,PHL,Coal Mining,No,medium,PHY2088F1004,6272483,01/11/2021,31/03/2021,1,unchanged,Yes,No,Yes,No,No,No,No,No,No,No,No,No,No,No,No,No,No,No,No
DS Smith,United Kingdom,GBR,Paper,No,medium,GB0008220112,822011,01/11/2021,31/03/2021,4,unchanged,Yes,Yes,Yes,Yes,Yes,Yes,Yes,Yes,Yes,Yes,Yes,Not applicable,No,Yes,No,Yes,No,No,No
DTE Energy,United States of America,USA,Electricity Utilities,No,medium,US2333311072,2280220,01/11/2021,31/03/2021,4,up,Yes,Yes,Yes,Yes,Yes,Yes,Yes,Yes,Yes,Yes,Yes,Not applicable,No,Yes,Yes,Yes,Yes,Yes,No
Daido Steel,Japan,JPN,Steel,No,medium,JP3491000000,6250627,01/11/2021,31/03/2021,1,unchanged,Yes,No,Yes,Yes,No,No,No,No,No,No,No,Not applicable,No,No,No,No,No,No,No
Daikin Industries,Japan,JPN,Other Industrials,Yes,large,JP3481800005,6250724,01/11/2021,31/03/2021,4,up,Yes,Yes,Yes,Yes,Yes,Yes,Yes,Yes,Yes,Yes,Yes,Yes,No,Yes,Yes,Yes,Yes,Yes,No
Daimler,Germany,DEU,Autos,Yes,large,DE0007100000,5529027,01/11/2021,31/03/2021,4,up,Yes,Yes,Yes,Yes,Yes,Yes,Yes,Yes,Yes,Yes,Yes,Yes,No,Yes,Yes,Yes,No,Yes,No
Daio Paper,Japan,JPN,Paper,No,small,JP3440400004,6870898,01/11/2021,31/03/2021,1,unchanged,Yes,No,Yes,Yes,No,No,Yes,No,No,No,No,Not applicable,No,No,No,No,No,No,No
Dalmia Bharat,India,IND,Cement,No,medium,INE00R701025,BFN2YR2,01/11/2021,31/03/2021,1,unchanged,Yes,No,Yes,No,Yes,No,No,Yes,No,No,No,Not applicable,No,No,No,No,No,No,No
Dangote Cement,Nigeria,NGA,Cement,Yes,large,NGDANGCEM008,B4TFNR1,01/11/2021,31/03/2021,2,unchanged,Yes,Yes,Yes,No,Yes,Yes,No,Yes,Yes,No,Yes,Not applicable,No,No,No,No,No,No,No
Danone,France,FRA,Consumer Goods,Yes,large,FR0000120644,B1Y9TB3,01/11/2021,31/03/2021,4,unchanged,Yes,Yes,Yes,Yes,Yes,Yes,Yes,Yes,Yes,Yes,Yes,Not applicable,No,Yes,Yes,Yes,Yes,Yes,No
Delta Air Lines,United States of America,USA,Airlines,Yes,large,US2473617023,B1W9D46,01/11/2021,31/03/2021,4,unchanged,Yes,Yes,Yes,Yes,Yes,Yes,Yes,Yes,Yes,Yes,Yes,Not applicable,No,Yes,Yes,Yes,No,Yes,No
Denka,Japan,JPN,Cement,No,medium,JP3549600009,6309820,01/11/2021,31/03/2021,3,new,Yes,Yes,Yes,Yes,Yes,Yes,Yes,Yes,Yes,No,Yes,Not applicable,No,Yes,Yes,Yes,Yes,Yes,No
Devon Energy,United States of America,USA,Oil & Gas,Yes,medium,US25179M1036,2480677,01/11/2021,31/03/2021,3,unchanged,Yes,Yes,Yes,Yes,Yes,Yes,Yes,No,Yes,Yes,Yes,No,No,Yes,No,No,Yes,No,No
Diamondback Energy,United States of America,USA,Oil & Gas,No,medium,US25278X1090,B7Y8YR3,01/11/2021,31/03/2021,2,unchanged,Yes,Yes,Yes,No,No,No,No,No,No,No,No,No,No,No,No,No,No,No,No
Dominion Energy,United States of America,USA,Electricity Utilities,Yes,large,US25746U1097,2542049,01/11/2021,31/03/2021,4,unchanged,Yes,Yes,Yes,Yes,Yes,Yes,Yes,Yes,Yes,Yes,Yes,Not applicable,Yes,Yes,Yes,Yes,Yes,Yes,No
Domtar,United States of America,USA,Paper,No,small,US2575592033,B1T84Z4,01/11/2021,31/03/2021,4,unchanged,Yes,Yes,Yes,Yes,Yes,Yes,Yes,Yes,Yes,Yes,Yes,Not applicable,No,Yes,No,No,No,Yes,No
Dow,United States of America,USA,Chemicals,Yes,large,US2605571031,BHXCF84,01/11/2021,31/03/2021,3,unchanged,Yes,Yes,Yes,Yes,Yes,Yes,Yes,Yes,Yes,No,No,Not applicable,No,Yes,No,No,No,No,No
DuPont de Nemours,United States of America,USA,Chemicals,No,large,US26614N1028,BK0VN47,01/11/2021,31/03/2021,4,up,Yes,Yes,Yes,Yes,Yes,Yes,Yes,Yes,Yes,Yes,Yes,Not applicable,No,Yes,No,Yes,No,No,No
Duke Energy,United States of America,USA,Electricity Utilities,Yes,large,US26441C2044,B7VD3F2,01/11/2021,31/03/2021,3,unchanged,Yes,Yes,Yes,Yes,Yes,Yes,Yes,Yes,No,Yes,Yes,Not applicable,No,Yes,Yes,Yes,Yes,Yes,No
E.ON,Germany,DEU,Electricity Utilities,Yes,large,DE000ENAG999,"4942904, 4943190",01/11/2021,31/03/2021,4,unchanged,Yes,Yes,Yes,Yes,Yes,Yes,Yes,Yes,Yes,Yes,Yes,Not applicable,No,Yes,Yes,Yes,Yes,Yes,No
EDF,France,FRA,Electricity Utilities,Yes,large,FR0010242511,B0NJJ17,01/11/2021,31/03/2021,4,unchanged,Yes,Yes,Yes,Yes,Yes,Yes,Yes,Yes,Yes,Yes,Yes,Not applicable,No,Yes,Yes,Yes,Yes,Yes,Yes
EDP,Portugal,PRT,Electricity Utilities,No,large,PTEDP0AM0009,4103596,01/11/2021,31/03/2021,4,unchanged,Yes,Yes,Yes,Yes,Yes,Yes,Yes,Yes,Yes,Yes,Yes,Not applicable,No,Yes,Yes,Yes,Yes,Yes,No
ENN Ecological Holdings,China,CHN,Coal Mining,No,unlisted,CNE000000DG7,"6445467, BYYFJJ0",01/11/2021,31/03/2021,1,new,Yes,No,Yes,Yes,Yes,Yes,Yes,No,No,No,No,No,No,Yes,No,No,No,No,No
EOG Resources,United States of America,USA,Oil & Gas,No,large,US26875P1012,2318024,01/11/2021,31/03/2021,2,unchanged,Yes,Yes,Yes,Yes,No,Yes,Yes,No,Yes,No,Yes,No,No,Yes,Yes,No,Yes,No,No
Eagle Materials,United States of America,USA,Cement,No,small,US26969P1084,2191399,01/11/2021,31/03/2021,1,unchanged,Yes,Yes,No,No,No,No,No,No,No,No,No,Not applicable,No,No,No,No,No,No,No
Eastman Chemical,United States of America,USA,Chemicals,No,medium,US2774321002,2298386,01/11/2021,31/03/2021,3,unchanged,Yes,Yes,Yes,Yes,Yes,Yes,Yes,Yes,No,Yes,Yes,Not applicable,No,Yes,No,No,No,No,No
Easyjet,United Kingdom,GBR,Airlines,No,medium,GB00B7KR2P84,B7KR2P8,01/11/2021,31/03/2021,3,up,Yes,Yes,Yes,Yes,Yes,Yes,Yes,Yes,Yes,No,Yes,Not applicable,No,No,Yes,No,No,No,No
Ecolab,United States of America,USA,Chemicals,No,large,US2788651006,2304227,01/11/2021,31/03/2021,4,up,Yes,Yes,Yes,Yes,Yes,Yes,Yes,Yes,Yes,Yes,Yes,Not applicable,No,Yes,Yes,Yes,No,No,No
Ecopetrol,Colombia,COL,Oil & Gas,Yes,large,COC04PA00016,B2473N4,01/11/2021,31/03/2021,3,unchanged,Yes,Yes,Yes,Yes,Yes,No,Yes,No,Yes,No,No,No,No,Yes,No,No,No,No,No
Edison International,United States of America,USA,Electricity Utilities,No,medium,US2810201077,2829515,01/11/2021,31/03/2021,2,unchanged,Yes,Yes,Yes,No,Yes,Yes,No,Yes,No,No,Yes,Not applicable,No,No,No,No,No,No,No
Electric Power Development,Japan,JPN,Electricity Utilities,No,large,JP3551200003,B02Q328,01/11/2021,31/03/2021,4,unchanged,Yes,Yes,Yes,Yes,Yes,Yes,Yes,Yes,Yes,Yes,Yes,Not applicable,No,Yes,No,No,Yes,No,No
Elia Group,Belgium,BEL,Electricity Utilities,No,medium,BE0003822393,B09M9F4,01/11/2021,31/03/2021,3,new,Yes,Yes,Yes,Yes,Yes,No,Yes,Yes,No,Yes,Yes,Not applicable,No,Yes,No,Yes,No,No,No
Emera,Canada,CAN,Electricity Utilities,No,small,CA2908761018,2650050,01/11/2021,31/03/2021,4,unchanged,Yes,Yes,Yes,Yes,Yes,Yes,Yes,Yes,Yes,Yes,Yes,Not applicable,No,Yes,Yes,No,No,No,No
Empresas COPEC,Chile,CHL,Coal Mining,No,large,CLP7847L1080,2196026,01/11/2021,31/03/2021,3,new,Yes,Yes,Yes,Yes,Yes,No,No,Yes,No,No,No,No,No,No,No,No,No,No,No
Enbridge,Canada,CAN,Oil & Gas Distribution,Yes,large,CA29250N1050,"2466149, 2478906",01/11/2021,31/03/2021,4,up,Yes,Yes,Yes,Yes,Yes,Yes,Yes,Yes,Yes,Yes,Yes,Yes,Yes,Yes,Yes,Yes,Yes,Yes,No
Enbw Energie,Germany,DEU,Electricity Utilities,No,large,DE0005220008,5341102,01/11/2021,31/03/2021,4,new,Yes,Yes,Yes,Yes,Yes,Yes,Yes,Yes,Yes,Yes,Yes,Not applicable,No,Yes,No,Yes,No,No,No
Ence Energia y Celulosa,Spain,ESP,Paper,No,small,ES0130625512,B1W7BK2,01/11/2021,31/03/2021,2,down,Yes,Yes,Yes,No,Yes,Yes,No,Yes,Yes,No,Yes,Not applicable,No,No,No,No,No,No,No
Endesa,Spain,ESP,Electricity Utilities,No,large,ES0130670112,5271782,01/11/2021,31/03/2021,4STAR,up,Yes,Yes,Yes,Yes,Yes,Yes,Yes,Yes,Yes,Yes,Yes,Not applicable,Yes,Yes,Yes,Yes,Yes,Yes,Yes
Enel,Italy,ITA,Electricity Utilities,Yes,large,IT0003128367,7144569,01/11/2021,31/03/2021,4,unchanged,Yes,Yes,Yes,Yes,Yes,Yes,Yes,Yes,Yes,Yes,Yes,Not applicable,Yes,Yes,Yes,Yes,Yes,Yes,No
Eneos (Coal Mining),Japan,JPN,Coal Mining,Yes,large,JP3386450005,B627LW9,01/11/2021,31/03/2021,4,up,Yes,Yes,Yes,Yes,Yes,Yes,Yes,Yes,Yes,Yes,Yes,Yes,No,Yes,Yes,Yes,Yes,No,No
Eneos (Oil & Gas),Japan,JPN,Oil & Gas,Yes,large,JP3386450005,B627LW9,01/11/2021,31/03/2021,4,up,Yes,Yes,Yes,Yes,Yes,Yes,Yes,Yes,Yes,Yes,Yes,Yes,No,Yes,Yes,Yes,Yes,No,No
Energy Transfer,United States of America,USA,Oil & Gas Distribution,No,medium,US29273V1008,B0WHXD2,01/11/2021,31/03/2021,2,new,Yes,Yes,Yes,No,No,No,No,No,No,No,No,No,No,No,No,No,No,No,No
Engie,France,FRA,Electricity Utilities,Yes,large,FR0010208488,B0C2CQ3,01/11/2021,31/03/2021,4,unchanged,Yes,Yes,Yes,Yes,Yes,Yes,Yes,Yes,Yes,Yes,Yes,Not applicable,Yes,Yes,Yes,Yes,Yes,Yes,No
Eni,Italy,ITA,Oil & Gas,Yes,large,IT0003132476,7145056,01/11/2021,31/03/2021,4STAR,unchanged,Yes,Yes,Yes,Yes,Yes,Yes,Yes,Yes,Yes,Yes,Yes,Yes,Yes,Yes,Yes,Yes,Yes,Yes,Yes
Entergy,United States of America,USA,Electricity Utilities,No,medium,US29364G1031,2317087,01/11/2021,31/03/2021,4,unchanged,Yes,Yes,Yes,Yes,Yes,Yes,Yes,Yes,Yes,Yes,Yes,Not applicable,Yes,Yes,No,Yes,Yes,Yes,No
Enterprise Products,United States of America,USA,Oil & Gas Distribution,No,large,US2937921078,2285388,01/11/2021,31/03/2021,2,new,Yes,Yes,Yes,No,No,No,No,No,No,No,No,No,No,No,No,No,No,No,No
Equinor,Norway,NOR,Oil & Gas,Yes,large,NO0010096985,7133608,01/11/2021,31/03/2021,4STAR,unchanged,Yes,Yes,Yes,Yes,Yes,Yes,Yes,Yes,Yes,Yes,Yes,Yes,Yes,Yes,Yes,Yes,Yes,Yes,Yes
Erdemir,Turkey,TUR,Steel,No,medium,TRAEREGL91G3,B03MS97,01/11/2021,31/03/2021,1,unchanged,Yes,No,Yes,No,No,Yes,No,No,No,No,No,Not applicable,No,No,No,No,No,No,No
Evergreen Marine,Taiwan,TWN,Shipping,No,medium,TW0002603008,6324500,01/11/2021,31/03/2021,3,unchanged,Yes,Yes,Yes,Yes,Yes,No,Yes,No,Yes,No,No,Not applicable,No,Yes,No,No,No,No,No
Evergy,United States of America,USA,Electricity Utilities,No,medium,US30034W1062,BFMXGR0,01/11/2021,31/03/2021,3,up,Yes,Yes,Yes,Yes,Yes,No,Yes,No,No,No,No,Not applicable,No,Yes,No,No,No,No,No
Eversource Energy,United States of America,USA,Electricity Utilities,No,medium,US30040W1080,BVVN4Q8,01/11/2021,31/03/2021,3,unchanged,Yes,Yes,Yes,Yes,Yes,Yes,Yes,Yes,No,Yes,Yes,Not applicable,Yes,Yes,Yes,Yes,No,No,No
Evraz,United Kingdom,GBR,Steel,No,medium,GB00B71N6K86,B71N6K8,01/11/2021,31/03/2021,3,unchanged,Yes,Yes,Yes,Yes,Yes,Yes,Yes,No,Yes,Yes,Yes,Not applicable,No,Yes,No,No,Yes,No,No
Exelon,United States of America,USA,Electricity Utilities,Yes,large,US30161N1019,2670519,01/11/2021,31/03/2021,4,unchanged,Yes,Yes,Yes,Yes,Yes,Yes,Yes,Yes,Yes,Yes,Yes,Not applicable,Yes,Yes,Yes,Yes,Yes,Yes,No
Exxaro Resources,South Africa,ZAF,Coal Mining,No,medium,ZAE000084992,6418801,01/11/2021,31/03/2021,4,unchanged,Yes,Yes,Yes,Yes,Yes,Yes,Yes,Yes,Yes,Yes,Yes,Yes,Yes,No,Yes,Yes,No,Yes,No
Exxon Mobil,United States of America,USA,Oil & Gas,Yes,large,US30231G1022,2326618,01/11/2021,31/03/2021,3,unchanged,Yes,Yes,Yes,Yes,Yes,Yes,Yes,No,Yes,Yes,Yes,No,No,Yes,Yes,No,Yes,No,No
FMC,United States of America,USA,Chemicals,No,medium,"US3024913036, US53814LXX18","2328603, BJ31F29",01/11/2021,31/03/2021,4,up,Yes,Yes,Yes,Yes,Yes,Yes,Yes,Yes,Yes,Yes,Yes,Not applicable,No,Yes,Yes,Yes,No,No,No
Ferrari,Italy,ITA,Autos,No,large,NL0011585146,"BD6G507, BZ1GMK5",01/11/2021,31/03/2021,3,unchanged,Yes,Yes,Yes,Yes,Yes,Yes,Yes,Yes,Yes,No,Yes,No,No,Yes,No,Yes,No,No,No
Fiat Chrysler,Italy,ITA,Autos,Yes,large,"NL00150001Q9, IT00BKV3M563","BMD8KX7, BM9RCN2, BKV3M34",01/11/2021,31/03/2021,4,unchanged,Yes,Yes,Yes,Yes,Yes,Yes,Yes,Yes,Yes,Yes,Yes,Yes,No,Yes,Yes,No,No,Yes,No
Firstenergy,United States of America,USA,Electricity Utilities,Yes,medium,US3379321074,2100920,01/11/2021,31/03/2021,3,unchanged,Yes,Yes,Yes,Yes,Yes,Yes,Yes,Yes,No,Yes,Yes,Not applicable,No,Yes,No,Yes,Yes,Yes,No
Fletcher Building,New Zealand,NZL,Cement,No,medium,NZFBUE0001S0,"6341606, 6341617",01/11/2021,31/03/2021,3,unchanged,Yes,Yes,Yes,Yes,Yes,Yes,Yes,Yes,No,No,Yes,Not applicable,No,Yes,Yes,No,No,No,No
Ford,United States of America,USA,Autos,Yes,large,US3453708600,2615468,01/11/2021,31/03/2021,4,up,Yes,Yes,Yes,Yes,Yes,Yes,Yes,Yes,Yes,Yes,Yes,Yes,No,Yes,Yes,Yes,Yes,Yes,No
Formosa Chemicals & Fibre,Taiwan,TWN,Chemicals,No,large,TW0001326007,6348715,01/11/2021,31/03/2021,4,up,Yes,Yes,Yes,Yes,Yes,Yes,Yes,Yes,Yes,Yes,Yes,Not applicable,No,Yes,Yes,Yes,Yes,Yes,No
Formosa Petrochemical,Taiwan,TWN,Oil & Gas,Yes,large,TW0006505001,6718716,01/11/2021,31/03/2021,3,up,Yes,Yes,Yes,Yes,Yes,Yes,Yes,Yes,Yes,No,Yes,No,No,Yes,Yes,Yes,Yes,Yes,No
Formosa Plastics,Taiwan,TWN,Chemicals,No,large,TW0001301000,6348544,01/11/2021,31/03/2021,3,unchanged,Yes,Yes,Yes,Yes,Yes,Yes,Yes,Yes,No,No,Yes,Not applicable,No,Yes,Yes,Yes,Yes,Yes,No
Fortescue,Australia,AUS,Diversified Mining,No,large,AU000000FMG4,6086253,01/11/2021,31/03/2021,3,unchanged,Yes,Yes,Yes,Yes,Yes,Yes,Yes,Yes,Yes,No,Yes,Not applicable,No,Yes,No,No,Yes,No,No
Fortis,Canada,CAN,Electricity Utilities,No,medium,CA3495531079,2347200,01/11/2021,31/03/2021,3,up,Yes,Yes,Yes,Yes,Yes,Yes,Yes,Yes,No,No,Yes,Not applicable,No,Yes,Yes,No,No,No,No
Fortum,Finland,FIN,Electricity Utilities,Yes,large,FI0009007132,5579550,01/11/2021,31/03/2021,4,unchanged,Yes,Yes,Yes,Yes,Yes,Yes,Yes,Yes,Yes,Yes,Yes,Not applicable,Yes,Yes,Yes,Yes,No,Yes,No
Freeport-McMoRan,United States of America,USA,Diversified Mining,No,medium,US35671D8570,2352118,01/11/2021,31/03/2021,2,unchanged,Yes,Yes,Yes,No,Yes,Yes,No,Yes,Yes,No,No,Not applicable,No,No,No,No,No,No,No
Galp Energia,Portugal,PRT,Oil & Gas,No,large,PTGAL0AM0009,B1FW751,01/11/2021,31/03/2021,4STAR,unchanged,Yes,Yes,Yes,Yes,Yes,Yes,Yes,Yes,Yes,Yes,Yes,Yes,Yes,Yes,Yes,Yes,Yes,Yes,Yes
Gazprom,Russia,RUS,Oil & Gas,Yes,large,"RU0007661625, US3682872078","B59L4L7, 5140989",01/11/2021,31/03/2021,4,up,Yes,Yes,Yes,Yes,Yes,Yes,Yes,Yes,Yes,Yes,Yes,Yes,No,Yes,Yes,Yes,No,Yes,No
Geely,China,CHN,Autos,No,large,KYG3777B1032,6531827,01/11/2021,31/03/2021,2,up,Yes,Yes,Yes,No,Yes,Yes,No,No,No,No,Yes,No,No,No,No,No,No,No,No
General Electric,United States of America,USA,Other Industrials,Yes,large,"US3696043013, US3696041033, US369604XX60","BL59CR9, 3311613, BJLMPK2",01/11/2021,31/03/2021,3,unchanged,Yes,Yes,Yes,Yes,Yes,Yes,Yes,Yes,No,Yes,Yes,No,No,Yes,No,No,No,No,No
General Motors,United States of America,USA,Autos,Yes,large,US37045V1008,B665KZ5,01/11/2021,31/03/2021,4,up,Yes,Yes,Yes,Yes,Yes,Yes,Yes,Yes,Yes,Yes,Yes,Yes,No,Yes,Yes,Yes,Yes,Yes,No
Gerdau,Brazil,BRA,Steel,No,large,"BRGGBRACNOR1, BRGGBRACNPR8, US3737371050","2645443, 2645517, 2297606",01/11/2021,31/03/2021,2,unchanged,Yes,Yes,Yes,No,Yes,Yes,No,No,No,No,No,Not applicable,No,No,No,No,No,No,No
Givaudan,Switzerland,CHE,Chemicals,No,large,CH0010645932,5980613,01/11/2021,31/03/2021,4,unchanged,Yes,Yes,Yes,Yes,Yes,Yes,Yes,Yes,Yes,Yes,Yes,Not applicable,No,Yes,Yes,No,No,No,No
Glencore (Aluminium),United Kingdom,GBR,Aluminium,Yes,large,JE00B4T3BW64,"B4T3BW6, BG6MV64",01/11/2021,31/03/2021,4,up,Yes,Yes,Yes,Yes,Yes,Yes,Yes,Yes,Yes,Yes,Yes,Yes,No,Yes,No,No,No,No,No
Glencore (Coal Mining),United Kingdom,GBR,Coal Mining,Yes,large,JE00B4T3BW64,"B4T3BW6, BG6MV64",01/11/2021,31/03/2021,4,up,Yes,Yes,Yes,Yes,Yes,Yes,Yes,Yes,Yes,Yes,Yes,Yes,No,Yes,No,No,No,No,No
Glencore (Diversified Mining),United Kingdom,GBR,Diversified Mining,Yes,large,JE00B4T3BW64,"B4T3BW6, BG6MV64",01/11/2021,31/03/2021,4,up,Yes,Yes,Yes,Yes,Yes,Yes,Yes,Yes,Yes,Yes,Yes,Yes,No,Yes,No,No,No,No,No
Great Eastern Shipping,India,IND,Shipping,No,small,INE017A01032,B1GKL41,01/11/2021,31/03/2021,1,unchanged,Yes,No,Yes,No,Yes,No,No,No,Yes,No,No,Not applicable,No,No,No,No,No,No,No
Great Wall Motor Company,China,CHN,Autos,No,large,"CNE100000338, CNE1000018V8","6718255, B3WXMX4, BP3R325",01/11/2021,31/03/2021,1,new,Yes,No,Yes,No,Yes,No,No,No,No,No,No,No,No,No,No,No,No,No,No
Groupe PSA,France,FRA,Autos,Yes,large,FR0000121501,7103526,01/11/2021,31/03/2021,4,unchanged,Yes,Yes,Yes,Yes,Yes,Yes,Yes,Yes,Yes,Yes,Yes,Yes,No,Yes,Yes,Yes,Yes,Yes,No
Grupo Argos,Colombia,COL,Cement,Yes,large,"COT09PA00035, COT09PA00043","B8SGSP6, B8JBYR4",01/11/2021,31/03/2021,3,unchanged,Yes,Yes,Yes,Yes,Yes,No,Yes,No,No,No,No,Not applicable,No,Yes,No,No,No,No,No
Grupo Mexico,Mexico,MEX,Diversified Mining,Yes,large,MXP370841019,2643674,01/11/2021,31/03/2021,2,unchanged,Yes,Yes,Yes,No,Yes,No,No,Yes,Yes,No,Yes,Not applicable,No,No,No,No,No,No,No
Gulf Energy Development,Thailand,THA,Electricity Utilities,No,large,TH8319010Z06,BLR5MP3,01/11/2021,31/03/2021,2,new,Yes,Yes,Yes,No,No,Yes,No,No,No,No,Yes,Not applicable,No,No,No,No,No,No,No
Haci Omer Sabanci Holdings,Turkey,TUR,Cement,No,medium,TRASAHOL91Q5,B03N0C7,01/11/2021,31/03/2021,3,new,Yes,Yes,Yes,Yes,Yes,Yes,Yes,Yes,No,No,Yes,Not applicable,No,Yes,No,No,No,No,No
Hapag-Lloyd,Germany,DEU,Shipping,No,medium,DE000HLAG475,BYZTSW7,01/11/2021,31/03/2021,1,unchanged,Yes,No,Yes,No,No,No,No,No,No,No,No,Not applicable,No,No,No,No,No,No,No
Hawaiian Electric,United States of America,USA,Electricity Utilities,No,small,US4198701009,2415204,01/11/2021,31/03/2021,2,unchanged,Yes,Yes,Yes,No,No,Yes,No,No,No,No,No,Not applicable,No,No,No,No,No,No,No
HeidelbergCement,Germany,DEU,Cement,Yes,large,DE0006047004,"5120679, ZB0JM25",01/11/2021,31/03/2021,3,unchanged,Yes,Yes,Yes,Yes,Yes,No,Yes,Yes,Yes,Yes,Yes,Not applicable,No,Yes,Yes,Yes,Yes,Yes,No
Hero MotoCorp,India,IND,Other Industrials,No,large,INE158A01026,6327327,01/11/2021,31/03/2021,1,new,Yes,No,Yes,No,Yes,No,No,No,Yes,No,No,No,No,No,No,No,No,No,No
Hess,United States of America,USA,Oil & Gas,No,medium,US42809H1077,2023748,01/11/2021,31/03/2021,4,down,Yes,Yes,Yes,Yes,Yes,Yes,Yes,Yes,Yes,Yes,Yes,Yes,No,Yes,Yes,Yes,Yes,Yes,No
Hindalco,India,IND,Aluminium,No,large,INE038A01020,B0GWF48,01/11/2021,31/03/2021,3,new,Yes,Yes,Yes,Yes,Yes,Yes,Yes,No,Yes,No,Yes,Not applicable,No,Yes,No,No,No,No,No
Hitachi,Japan,JPN,Other Industrials,Yes,large,JP3788600009,6429104,01/11/2021,31/03/2021,3,down,Yes,Yes,Yes,Yes,Yes,Yes,Yes,Yes,Yes,No,Yes,Not applicable,No,Yes,No,Yes,Yes,Yes,No
Hitachi Metals,Japan,JPN,Steel,No,medium,JP3786200000,6429201,01/11/2021,31/03/2021,1,unchanged,Yes,No,Yes,Yes,Yes,No,Yes,No,No,No,No,Not applicable,No,Yes,No,No,No,No,No
Hokuetsu,Japan,JPN,Paper,No,small,JP3841800000,6433105,01/11/2021,31/03/2021,1,unchanged,Yes,No,Yes,Yes,Yes,No,Yes,Yes,No,No,No,Not applicable,No,Yes,No,No,No,No,No
Holcim,Switzerland,CHE,Cement,Yes,large,CH0012214059,7110753,01/11/2021,31/03/2021,4,unchanged,Yes,Yes,Yes,Yes,Yes,Yes,Yes,Yes,Yes,Yes,Yes,Not applicable,Yes,Yes,Yes,Yes,No,Yes,No
HollyFrontier,United States of America,USA,Oil & Gas,No,medium,US4361061082,B5VX1H6,01/11/2021,31/03/2021,2,unchanged,Yes,Yes,Yes,No,Yes,Yes,No,No,No,No,Yes,No,No,No,No,No,No,No,No
Hon Hai Precision Industry,Taiwan,TWN,Other Industrials,Yes,large,TW0002317005,6438564,01/11/2021,31/03/2021,3,unchanged,Yes,Yes,Yes,Yes,Yes,Yes,Yes,No,Yes,No,Yes,Not applicable,No,No,No,No,No,No,No
Honda,Japan,JPN,Autos,Yes,large,JP3854600008,6435145,01/11/2021,31/03/2021,4,unchanged,Yes,Yes,Yes,Yes,Yes,Yes,Yes,Yes,Yes,Yes,Yes,Yes,No,Yes,Yes,No,Yes,No,No
Huadian Power International,China,CHN,Coal Mining,No,large,"CNE1000003D8, CNE000001LJ2","6142780, B05R5D3, BP3R637",01/11/2021,31/03/2021,1,new,Yes,No,Yes,No,Yes,No,No,No,No,No,No,No,No,No,No,No,No,No,No
Huaibei Mining Group,China,CHN,Coal Mining,No,unlisted,CNE000001HH4,"B00WZT9, BS7K376",01/11/2021,31/03/2021,0,new,No,No,No,No,No,No,No,No,No,No,No,No,No,No,No,No,No,No,No
Hydro One,Canada,CAN,Electricity Utilities,No,medium,CA4488112083,BYYXJY9,01/11/2021,31/03/2021,2,down,Yes,Yes,Yes,No,Yes,Yes,No,Yes,Yes,No,Yes,Not applicable,No,No,No,Yes,No,No,No
Hyundai,South Korea,KOR,Autos,No,large,"KR7005380001, KR7005382007, KR7005381009","6451055, 6148272, 6451022",01/11/2021,31/03/2021,3,unchanged,Yes,Yes,Yes,Yes,Yes,Yes,Yes,Yes,Yes,No,Yes,Yes,No,Yes,Yes,Yes,No,Yes,No
Hyundai Steel,South Korea,KOR,Steel,No,large,KR7004020004,6461850,01/11/2021,31/03/2021,3,unchanged,Yes,Yes,Yes,Yes,Yes,Yes,Yes,Yes,Yes,No,Yes,Not applicable,No,Yes,Yes,Yes,No,Yes,No
IAG,United Kingdom,GBR,Airlines,No,large,ES0177542018,"B5M6XQ7, B5282K0",01/11/2021,31/03/2021,4,up,Yes,Yes,Yes,Yes,Yes,Yes,Yes,Yes,Yes,Yes,Yes,Not applicable,Yes,Yes,Yes,Yes,Yes,Yes,No
INPEX,Japan,JPN,Oil & Gas,No,large,JP3294460005,B10RB15,01/11/2021,31/03/2021,4,unchanged,Yes,Yes,Yes,Yes,Yes,Yes,Yes,Yes,Yes,Yes,Yes,Yes,No,Yes,Yes,Yes,Yes,Yes,No
Iberdrola,Spain,ESP,Electricity Utilities,Yes,large,ES0144580Y14,B288C92,01/11/2021,31/03/2021,4,unchanged,Yes,Yes,Yes,Yes,Yes,Yes,Yes,Yes,Yes,Yes,Yes,Not applicable,No,Yes,Yes,Yes,Yes,Yes,No
Idacorp,United States of America,USA,Electricity Utilities,No,small,US4511071064,2296937,01/11/2021,31/03/2021,2,down,Yes,Yes,Yes,No,Yes,Yes,No,No,No,No,No,Not applicable,No,No,No,No,No,No,No
Idemitsu Kosan,Japan,JPN,Oil & Gas,No,large,JP3142500002,B1FF8P7,01/11/2021,31/03/2021,3,new,Yes,Yes,Yes,Yes,Yes,Yes,Yes,Yes,Yes,No,No,Yes,No,Yes,No,No,Yes,No,No
Iino Kaiun Kaisha,Japan,JPN,Shipping,No,small,JP3131200002,6457008,01/11/2021,31/03/2021,3,up,Yes,Yes,Yes,Yes,Yes,No,Yes,Yes,No,No,Yes,Not applicable,No,Yes,No,Yes,No,No,No
Imperial Oil,Canada,CAN,Oil & Gas,Yes,large,CA4530384086,2454241,01/11/2021,31/03/2021,4,up,Yes,Yes,Yes,Yes,Yes,Yes,Yes,Yes,Yes,Yes,Yes,Yes,No,Yes,No,No,Yes,No,No
Incitec Pivot,Australia,AUS,Chemicals,No,medium,AU000000IPL1,6673042,01/11/2021,31/03/2021,3,new,Yes,Yes,Yes,Yes,Yes,Yes,Yes,Yes,Yes,No,Yes,Not applicable,No,Yes,No,No,Yes,Yes,No
Indah Kiat Pulp & Paper,Indonesia,IDN,Paper,No,medium,ID1000062201,6462422,01/11/2021,31/03/2021,1,unchanged,Yes,No,Yes,No,No,No,No,No,No,No,No,Not applicable,No,No,No,No,No,No,No
IndiGo,India,IND,Airlines,No,large,INE646L01027,BYYZ7D0,01/11/2021,31/03/2021,1,down,Yes,No,Yes,No,No,No,No,No,No,No,No,Not applicable,No,No,No,No,No,No,No
Indocement Tunggal Prakarsa,Indonesia,IDN,Cement,No,medium,ID1000061302,6454861,01/11/2021,31/03/2021,1,unchanged,Yes,No,Yes,Yes,No,No,Yes,No,No,No,No,Not applicable,No,Yes,No,No,No,No,No
Inner Mongolia Yitai Coal,China,CHN,Coal Mining,No,medium,"CNE000000SK7, CNE100001FW6","6019011, B4PPPY6",01/11/2021,31/03/2021,1,unchanged,Yes,No,Yes,No,Yes,No,No,No,No,No,No,No,No,No,No,No,No,No,No
International Paper,United States of America,USA,Paper,Yes,medium,US4601461035,2465254,01/11/2021,31/03/2021,3,unchanged,Yes,Yes,Yes,Yes,Yes,Yes,Yes,Yes,No,Yes,Yes,Not applicable,No,Yes,No,No,No,No,No
Intl Flavours & Fragrances,United States of America,USA,Chemicals,No,medium,US4595061015,2464165,01/11/2021,31/03/2021,3,down,Yes,Yes,Yes,Yes,Yes,Yes,Yes,Yes,Yes,No,Yes,Not applicable,No,Yes,Yes,No,Yes,Yes,No
JFE,Japan,JPN,Steel,No,large,JP3386030005,6543792,01/11/2021,31/03/2021,3,up,Yes,Yes,Yes,Yes,Yes,Yes,Yes,Yes,Yes,No,No,Not applicable,No,Yes,No,No,Yes,No,No
JSW Steel,India,IND,Steel,No,large,INE019A01038,BZBYJJ7,01/11/2021,31/03/2021,4,unchanged,Yes,Yes,Yes,Yes,Yes,Yes,Yes,Yes,Yes,Yes,Yes,Not applicable,No,Yes,Yes,Yes,No,Yes,No
Japan Airlines,Japan,JPN,Airlines,No,large,JP3705200008,B8BRV46,01/11/2021,31/03/2021,3,unchanged,Yes,Yes,Yes,Yes,Yes,Yes,Yes,Yes,No,Yes,Yes,Not applicable,No,Yes,No,No,No,No,No
Japan Pulp & Paper,Japan,JPN,Paper,No,small,JP3694000005,6470306,01/11/2021,31/03/2021,1,new,Yes,No,Yes,No,No,No,No,No,No,No,No,Not applicable,No,No,No,No,No,No,No
Jardine Matheson,Hong Kong,HKG,Coal Mining,No,large,BMG507361001,6472119,01/11/2021,31/03/2021,0,unchanged,No,No,No,No,No,No,No,No,No,No,No,No,No,No,No,No,No,No,No
Jastrzebska Spolka Weglowa,Poland,POL,Coal Mining,No,small,PLJSW0000015,B6R2S06,01/11/2021,31/03/2021,2,unchanged,Yes,Yes,Yes,No,Yes,No,No,No,No,No,No,No,No,No,No,No,No,No,No
JetBlue,United States of America,USA,Airlines,No,small,US4771431016,2852760,01/11/2021,31/03/2021,3,down,Yes,Yes,Yes,Yes,Yes,Yes,Yes,Yes,Yes,Yes,No,Not applicable,No,Yes,No,No,No,Yes,No
Jindal Steel & Power,India,IND,Steel,No,medium,INE749A01030,6726816,01/11/2021,31/03/2021,1,unchanged,Yes,No,Yes,No,Yes,No,No,No,Yes,No,No,Not applicable,No,No,No,No,No,No,No
K Line,Japan,JPN,Shipping,No,medium,JP3223800008,6484686,01/11/2021,31/03/2021,4,unchanged,Yes,Yes,Yes,Yes,Yes,Yes,Yes,Yes,Yes,Yes,Yes,Not applicable,No,Yes,Yes,Yes,Yes,No,No
KEPCO,South Korea,KOR,Electricity Utilities,Yes,large,KR7015760002,6495730,01/11/2021,31/03/2021,4,up,Yes,Yes,Yes,Yes,Yes,Yes,Yes,Yes,Yes,Yes,Yes,Not applicable,No,Yes,Yes,Yes,Yes,No,No
Kansai Elec Power,Japan,JPN,Electricity Utilities,No,large,JP3228600007,6483489,01/11/2021,31/03/2021,3,unchanged,Yes,Yes,Yes,Yes,Yes,Yes,Yes,Yes,Yes,No,Yes,Not applicable,No,Yes,No,Yes,No,Yes,No
Kia,South Korea,KOR,Autos,No,large,KR7000270009,6490928,01/11/2021,31/03/2021,3,unchanged,Yes,Yes,Yes,Yes,Yes,Yes,Yes,Yes,Yes,No,Yes,Yes,No,Yes,Yes,Yes,No,Yes,No
Kinder Morgan,United States of America,USA,Oil & Gas Distribution,Yes,large,US49456B1017,B3NQ4P8,01/11/2021,31/03/2021,3,unchanged,Yes,Yes,Yes,Yes,Yes,Yes,Yes,No,Yes,Yes,Yes,No,No,Yes,No,No,Yes,Yes,No
Klabin,Brazil,BRA,Paper,No,medium,"BRKLBNACNPR9, BRKLBNCDAM18","2813347, BJ0K6Z9",01/11/2021,31/03/2021,4,down,Yes,Yes,Yes,Yes,Yes,Yes,Yes,Yes,Yes,Yes,Yes,Not applicable,No,Yes,Yes,Yes,Yes,Yes,Yes
Kobe Steel,Japan,JPN,Steel,No,medium,JP3289800009,6496023,01/11/2021,31/03/2021,4,up,Yes,Yes,Yes,Yes,Yes,Yes,Yes,Yes,Yes,Yes,Yes,Not applicable,No,Yes,No,Yes,No,No,No
Korean Air,South Korea,KOR,Airlines,No,medium,KR7003490000,6496766,01/11/2021,31/03/2021,2,up,Yes,Yes,Yes,No,Yes,Yes,No,No,Yes,Yes,Yes,Not applicable,No,No,Yes,No,No,No,No
Kyushu Elec Power,Japan,JPN,Electricity Utilities,No,medium,JP3246400000,6499806,01/11/2021,31/03/2021,2,up,Yes,Yes,Yes,No,Yes,No,No,Yes,Yes,Yes,No,Not applicable,No,No,No,No,No,No,No
LATAM,Chile,CHL,Airlines,No,large,"CL0000000423, US51817R1068","2518932, B84FQ53",01/11/2021,31/03/2021,1,down,Yes,No,Yes,No,Yes,No,No,Yes,Yes,No,No,Not applicable,No,No,No,No,No,No,No
LG Chemical,South Korea,KOR,Chemicals,No,large,"KR7051910008, KR7051911006","6346913, 6346924",01/11/2021,31/03/2021,4,unchanged,Yes,Yes,Yes,Yes,Yes,Yes,Yes,Yes,Yes,Yes,Yes,Not applicable,No,Yes,Yes,Yes,No,Yes,No
Lee & Man Paper Manufacturing,China,CHN,Paper,No,medium,KYG5427W1309,6693772,01/11/2021,31/03/2021,1,unchanged,Yes,No,Yes,No,No,No,No,Yes,No,No,No,Not applicable,No,No,No,No,No,No,No
Linde,United States of America,USA,Chemicals,No,large,IE00BZ12WP82,BZ12WP8,01/11/2021,31/03/2021,4,up,Yes,Yes,Yes,Yes,Yes,Yes,Yes,Yes,Yes,Yes,Yes,Not applicable,No,Yes,Yes,Yes,Yes,Yes,No
Lockheed Martin,United States of America,USA,Other Industrials,Yes,large,US5398301094,2522096,01/11/2021,31/03/2021,4,unchanged,Yes,Yes,Yes,Yes,Yes,Yes,Yes,Yes,Yes,Yes,Yes,Yes,No,Yes,Yes,Yes,Yes,No,No
Longchen Paper & Packaging,Taiwan,TWN,Paper,No,small,TW0001909000,6524236,01/11/2021,31/03/2021,3,new,Yes,Yes,Yes,Yes,Yes,No,Yes,No,Yes,No,No,Not applicable,No,Yes,No,No,No,No,No
Lufthansa,Germany,DEU,Airlines,No,medium,DE0008232125,5287488,01/11/2021,31/03/2021,4,up,Yes,Yes,Yes,Yes,Yes,Yes,Yes,Yes,Yes,Yes,Yes,Not applicable,Yes,Yes,Yes,Yes,No,Yes,Yes
Lukoil,Russia,RUS,Oil & Gas,Yes,large,"RU0009024277, US69343P1057","B59SNS8, BYZDW27",01/11/2021,31/03/2021,3,up,Yes,Yes,Yes,Yes,Yes,Yes,Yes,Yes,Yes,No,Yes,Yes,No,No,Yes,Yes,No,Yes,No
Lundin Energy,Sweden,SWE,Oil & Gas,No,medium,SE0000825820,7187627,01/11/2021,31/03/2021,4,new,Yes,Yes,Yes,Yes,Yes,Yes,Yes,Yes,Yes,Yes,Yes,Yes,No,Yes,Yes,No,Yes,Yes,No
LyondellBasell Industries,United States of America,USA,Chemicals,Yes,large,NL0009434992,B3SPXZ3,01/11/2021,31/03/2021,3,unchanged,Yes,Yes,Yes,Yes,Yes,Yes,Yes,Yes,No,Yes,Yes,Not applicable,No,Yes,Yes,No,No,No,No
MISC,Malaysia,MYS,Shipping,No,large,MYL3816OO005,6557997,01/11/2021,31/03/2021,2,up,Yes,Yes,Yes,No,Yes,Yes,No,No,Yes,No,Yes,Not applicable,No,No,No,No,No,No,No
MOL,Japan,JPN,Shipping,No,medium,JP3362700001,6597584,01/11/2021,31/03/2021,4,up,Yes,Yes,Yes,Yes,Yes,Yes,Yes,Yes,Yes,Yes,Yes,Not applicable,No,Yes,Yes,Yes,Yes,No,No
Magnitogorsk Iron & Steel Works,Russia,RUS,Steel,No,large,"RU0009084396, US5591892048","B5B1RP0, B1VX446",01/11/2021,31/03/2021,3,up,Yes,Yes,Yes,Yes,Yes,Yes,Yes,Yes,Yes,No,Yes,Not applicable,No,Yes,No,No,No,No,No
Mahindra&Mahindra,India,IND,Autos,No,large,INE101A01026,6100186,01/11/2021,31/03/2021,4,new,Yes,Yes,Yes,Yes,Yes,Yes,Yes,Yes,Yes,Yes,Yes,Yes,No,Yes,Yes,Yes,No,Yes,No
Marathon Oil,United States of America,USA,Oil & Gas,No,medium,US5658491064,2910970,01/11/2021,31/03/2021,2,unchanged,Yes,Yes,Yes,No,Yes,Yes,No,No,No,No,Yes,No,No,No,Yes,No,No,No,No
Marathon Petroleum,United States of America,USA,Oil & Gas,Yes,large,US56585A1025,B3K3L40,01/11/2021,31/03/2021,2,unchanged,Yes,Yes,Yes,No,Yes,No,No,No,No,No,No,No,No,No,No,No,No,No,No
Martin Marietta Materials,United States of America,USA,Cement,Yes,medium,US5732841060,2572079,01/11/2021,31/03/2021,2,unchanged,Yes,Yes,Yes,Yes,No,No,Yes,No,No,No,No,Not applicable,No,Yes,No,No,No,No,No
Marubeni,Japan,JPN,Aluminium,No,large,JP3877600001,6569464,01/11/2021,31/03/2021,4,up,Yes,Yes,Yes,Yes,Yes,Yes,Yes,Yes,Yes,Yes,Yes,Not applicable,No,Yes,No,No,Yes,No,No
Mazda,Japan,JPN,Autos,No,large,JP3868400007,6900308,01/11/2021,31/03/2021,3,unchanged,Yes,Yes,Yes,Yes,Yes,Yes,Yes,Yes,Yes,No,Yes,Yes,No,Yes,Yes,Yes,Yes,No,No
Meridian Energy,New Zealand,NZL,Electricity Utilities,No,large,NZMELE0002S7,BWFD052,01/11/2021,31/03/2021,3,new,Yes,Yes,Yes,Yes,Yes,Yes,No,Yes,Yes,No,Yes,Not applicable,No,No,No,No,Yes,No,No
Mineral Resources,Australia,AUS,Diversified Mining,No,medium,AU000000MIN4,B17ZL56,01/11/2021,31/03/2021,2,new,Yes,Yes,Yes,No,Yes,Yes,No,No,Yes,No,Yes,No,No,No,No,No,Yes,No,No
Mitsubishi,Japan,JPN,Coal Mining,No,large,JP3898400001,6596785,01/11/2021,31/03/2021,3,down,Yes,Yes,Yes,Yes,Yes,Yes,Yes,Yes,Yes,No,Yes,Yes,No,Yes,Yes,Yes,Yes,Yes,No
Mitsubishi Chemical,Japan,JPN,Chemicals,No,large,JP3897700005,B0JQTJ0,01/11/2021,31/03/2021,3,unchanged,Yes,Yes,Yes,Yes,Yes,Yes,Yes,Yes,Yes,No,Yes,Not applicable,No,Yes,Yes,Yes,Yes,No,No
Mitsubishi Materials (Cement),Japan,JPN,Cement,No,medium,JP3903000002,6597089,01/11/2021,31/03/2021,3,new,Yes,Yes,Yes,Yes,Yes,Yes,Yes,Yes,Yes,No,Yes,Not applicable,No,No,No,Yes,No,No,No
Mitsubishi Motors,Japan,JPN,Autos,No,large,JP3899800001,6598446,01/11/2021,31/03/2021,3,unchanged,Yes,Yes,Yes,Yes,Yes,Yes,Yes,Yes,No,No,Yes,Yes,No,Yes,No,Yes,Yes,No,No
Mitsui & Co (Aluminium),Japan,JPN,Aluminium,No,large,JP3893600001,6597302,01/11/2021,31/03/2021,3,up,Yes,Yes,Yes,Yes,Yes,Yes,Yes,Yes,Yes,No,Yes,No,No,Yes,No,No,Yes,No,No
Mitsui & Co (Coal Mining),Japan,JPN,Coal Mining,No,large,JP3893600001,6597302,01/11/2021,31/03/2021,3,up,Yes,Yes,Yes,Yes,Yes,Yes,Yes,Yes,Yes,No,Yes,No,No,Yes,No,No,Yes,No,No
Mondi,United Kingdom,GBR,Paper,No,medium,GB00B1CRLC47,"B1CRLC4, B1YCDP4",01/11/2021,31/03/2021,4,unchanged,Yes,Yes,Yes,Yes,Yes,Yes,Yes,Yes,Yes,Yes,Yes,Not applicable,Yes,Yes,Yes,Yes,Yes,Yes,No
Mosaic Company,United States of America,USA,Chemicals,No,small,US61945C1036,B3NPHP6,01/11/2021,31/03/2021,4,new,Yes,Yes,Yes,Yes,Yes,Yes,Yes,Yes,Yes,Yes,Yes,Not applicable,No,Yes,Yes,No,Yes,Yes,No
Muda,Malaysia,MYS,Paper,No,small,MYL3883OO005,6609230,01/11/2021,31/03/2021,1,up,Yes,No,Yes,No,No,No,No,No,No,No,No,Not applicable,No,No,No,No,No,No,No
NIO,China,CHN,Autos,No,large,US62914V1061,BFZX9H8,01/11/2021,31/03/2021,0,new,No,No,No,No,No,No,No,No,No,No,No,No,No,No,No,No,No,No,No
NRG Energy,United States of America,USA,Electricity Utilities,Yes,medium,US6293775085,2212922,01/11/2021,31/03/2021,4,unchanged,Yes,Yes,Yes,Yes,Yes,Yes,Yes,Yes,Yes,Yes,Yes,Not applicable,No,Yes,Yes,No,No,No,No
NS United Kaiun Kaisha,Japan,JPN,Shipping,No,small,JP3385000009,6805005,01/11/2021,31/03/2021,1,unchanged,Yes,No,No,Yes,No,No,Yes,No,No,No,No,Not applicable,No,Yes,No,No,No,No,No
NTPC,India,IND,Electricity Utilities,Yes,large,INE733E01010,B037HF1,01/11/2021,31/03/2021,3,up,Yes,Yes,Yes,Yes,Yes,Yes,Yes,Yes,Yes,No,Yes,Not applicable,No,Yes,No,No,No,No,No
NYK Line,Japan,JPN,Shipping,No,medium,JP3753000003,6643960,01/11/2021,31/03/2021,4,unchanged,Yes,Yes,Yes,Yes,Yes,Yes,Yes,Yes,Yes,Yes,Yes,Not applicable,No,Yes,Yes,Yes,Yes,Yes,No
Nakilat,Qatar,QAT,Shipping,No,medium,QA000A0KD6L1,B0MLBC9,01/11/2021,31/03/2021,0,unchanged,No,No,No,No,No,No,No,No,No,No,No,Not applicable,No,No,No,No,No,No,No
Nan Ya Plastics,Taiwan,TWN,Chemicals,No,large,TW0001303006,6621580,01/11/2021,31/03/2021,3,unchanged,Yes,Yes,Yes,Yes,Yes,Yes,Yes,Yes,Yes,No,Yes,Not applicable,No,Yes,Yes,No,Yes,Yes,No
National Grid,United Kingdom,GBR,Electricity Utilities,Yes,large,GB00BDR05C01,BDR05C0,01/11/2021,31/03/2021,4,unchanged,Yes,Yes,Yes,Yes,Yes,Yes,Yes,Yes,Yes,Yes,Yes,Not applicable,Yes,Yes,Yes,Yes,No,Yes,No
Naturgy Energy,Spain,ESP,Oil & Gas Distribution,Yes,large,ES0116870314,5650422,01/11/2021,31/03/2021,4,unchanged,Yes,Yes,Yes,Yes,Yes,Yes,Yes,Yes,Yes,Yes,Yes,Yes,No,Yes,Yes,Yes,Yes,Yes,No
Neste,Finland,FIN,Oil & Gas,No,large,FI0009013296,B06YV46,01/11/2021,31/03/2021,4,up,Yes,Yes,Yes,Yes,Yes,Yes,Yes,Yes,Yes,Yes,Yes,Yes,No,Yes,Yes,No,No,Yes,No
Nestle,Switzerland,CHE,Consumer Goods,Yes,large,CH0038863350,7123870,01/11/2021,31/03/2021,4,up,Yes,Yes,Yes,Yes,Yes,Yes,Yes,Yes,Yes,Yes,Yes,Not applicable,No,Yes,Yes,Yes,Yes,No,No
New Hope,Australia,AUS,Coal Mining,No,small,AU000000NHC7,6681960,01/11/2021,31/03/2021,2,up,Yes,Yes,Yes,No,Yes,Yes,No,No,No,No,Yes,No,No,No,No,No,No,No,No
NextEra Energy,United States of America,USA,Electricity Utilities,Yes,large,US65339F1012,2328915,01/11/2021,31/03/2021,2,unchanged,Yes,Yes,Yes,Yes,No,No,Yes,No,No,No,No,Not applicable,No,Yes,No,No,No,No,No
NiSource,United States of America,USA,Electricity Utilities,No,medium,US65473P1057,2645409,01/11/2021,31/03/2021,4,new,Yes,Yes,Yes,Yes,Yes,Yes,Yes,Yes,Yes,Yes,Yes,Not applicable,No,Yes,Yes,Yes,Yes,Yes,No
Nine Dragons Paper Industries,China,CHN,Paper,No,large,BMG653181005,B0WC2B8,01/11/2021,31/03/2021,1,up,Yes,No,Yes,No,No,No,No,No,No,No,No,Not applicable,No,No,No,No,No,No,No
Nippon Coke & Engineering,Japan,JPN,Coal Mining,No,small,JP3889610006,6740344,01/11/2021,31/03/2021,1,unchanged,Yes,No,Yes,No,No,No,No,No,No,No,No,No,No,No,No,No,No,No,No
Nippon Light Metal,Japan,JPN,Aluminium,No,small,JP3700200003,B51WP26,01/11/2021,31/03/2021,3,unchanged,Yes,Yes,Yes,Yes,Yes,Yes,Yes,Yes,Yes,No,Yes,Not applicable,No,Yes,No,No,No,No,No
Nippon Paint,Japan,JPN,Chemicals,No,large,JP3749400002,6640507,01/11/2021,31/03/2021,2,down,Yes,Yes,Yes,No,Yes,Yes,No,Yes,No,No,Yes,Not applicable,No,No,No,No,No,No,No
Nippon Paper Industries,Japan,JPN,Paper,No,medium,JP3721600009,B8B8PJ2,01/11/2021,31/03/2021,3,up,Yes,Yes,Yes,Yes,Yes,Yes,Yes,No,No,No,Yes,Not applicable,No,No,No,No,No,No,No
Nippon Steel,Japan,JPN,Steel,Yes,large,JP3381000003,6642569,01/11/2021,31/03/2021,3,unchanged,Yes,Yes,Yes,Yes,Yes,Yes,Yes,Yes,Yes,No,Yes,Not applicable,No,Yes,No,No,Yes,No,No
Nissan,Japan,JPN,Autos,Yes,large,JP3672400003,6642860,01/11/2021,31/03/2021,4,up,Yes,Yes,Yes,Yes,Yes,Yes,Yes,Yes,Yes,Yes,Yes,Yes,No,Yes,Yes,Yes,Yes,Yes,No
Nissan Chemical,Japan,JPN,Chemicals,No,large,JP3670800006,6641588,01/11/2021,31/03/2021,3,new,Yes,Yes,Yes,Yes,Yes,Yes,Yes,Yes,Yes,No,Yes,Not applicable,No,Yes,No,Yes,Yes,Yes,No
Nitto Denko,Japan,JPN,Chemicals,No,large,JP3684000007,6641801,01/11/2021,31/03/2021,3,unchanged,Yes,Yes,Yes,Yes,Yes,Yes,Yes,Yes,Yes,No,Yes,Not applicable,No,Yes,Yes,No,No,Yes,No
Nornickel,Russia,RUS,Diversified Mining,Yes,large,"RU0007288411, US55315J1025, US46626D1081","B5B1TX2, BYSW6D0, 2768243",01/11/2021,31/03/2021,2,unchanged,Yes,Yes,Yes,No,Yes,Yes,No,No,Yes,No,Yes,Not applicable,No,No,No,No,No,No,No
Norsk Hydro,Norway,NOR,Aluminium,No,medium,NO0005052605,B11HK39,01/11/2021,31/03/2021,3,unchanged,Yes,Yes,Yes,Yes,Yes,Yes,Yes,No,Yes,Yes,Yes,Not applicable,Yes,Yes,Yes,No,No,No,No
NovaTek,Russia,RUS,Oil & Gas,Yes,large,"RU000A0DKVS5, US6698881090","B59HPK1, B0DK750",01/11/2021,31/03/2021,3,unchanged,Yes,Yes,Yes,Yes,Yes,Yes,Yes,Yes,Yes,No,Yes,No,No,Yes,No,No,No,No,No
Novolipetsk Steel,Russia,RUS,Steel,No,large,"RU0009046452, US67011E2046","B59FPC7, B0RTNX3",01/11/2021,31/03/2021,3,up,Yes,Yes,Yes,Yes,Yes,Yes,Yes,No,Yes,No,No,Not applicable,No,No,No,No,No,No,No
Nucor,United States of America,USA,Steel,No,medium,US6703461052,2651086,01/11/2021,31/03/2021,2,up,Yes,Yes,Yes,Yes,No,No,Yes,No,No,No,No,Not applicable,No,Yes,No,No,No,No,No
Nutrien,Canada,CAN,Chemicals,No,large,CA67077M1086,BDRJLN0,01/11/2021,31/03/2021,3,up,Yes,Yes,Yes,Yes,Yes,Yes,Yes,Yes,Yes,No,Yes,Not applicable,No,Yes,No,No,No,No,No
OGE Energy,United States of America,USA,Electricity Utilities,No,small,US6708371033,2657802,01/11/2021,31/03/2021,3,new,Yes,Yes,Yes,Yes,Yes,Yes,Yes,No,No,No,No,Not applicable,No,Yes,No,No,No,Yes,No
OMV,Austria,AUT,Oil & Gas,Yes,large,AT0000743059,4651459,01/11/2021,31/03/2021,4,unchanged,Yes,Yes,Yes,Yes,Yes,Yes,Yes,Yes,Yes,Yes,Yes,Yes,No,Yes,Yes,Yes,Yes,Yes,No
Occidental Petroleum,United States of America,USA,Oil & Gas,Yes,large,US6745991058,2655408,01/11/2021,31/03/2021,4,unchanged,Yes,Yes,Yes,Yes,Yes,Yes,Yes,Yes,Yes,Yes,Yes,Yes,Yes,Yes,Yes,No,Yes,Yes,No
Oil & Natural Gas,India,IND,Oil & Gas,Yes,large,INE213A01029,6139362,01/11/2021,31/03/2021,1,unchanged,Yes,No,Yes,No,Yes,No,No,No,Yes,Yes,No,No,No,No,No,No,No,No,No
Oil Search,Australia,AUS,Oil & Gas,Yes,large,PG0008579883,6657604,01/11/2021,31/03/2021,2,unchanged,Yes,Yes,Yes,No,Yes,Yes,No,Yes,Yes,Yes,Yes,Yes,No,No,No,No,Yes,Yes,No
Oji,Japan,JPN,Paper,No,medium,JP3174410005,6657701,01/11/2021,31/03/2021,4,unchanged,Yes,Yes,Yes,Yes,Yes,Yes,Yes,Yes,Yes,Yes,Yes,Not applicable,No,Yes,No,Yes,Yes,Yes,No
Oneok,United States of America,USA,Oil & Gas Distribution,No,unlisted,US6826801036,2130109,01/11/2021,31/03/2021,2,new,Yes,Yes,Yes,No,Yes,Yes,No,Yes,Yes,Yes,Yes,Yes,No,No,No,No,No,No,No
Orica,Australia,AUS,Other Industrials,No,large,AU000000ORI1,6458001,01/11/2021,31/03/2021,4,new,Yes,Yes,Yes,Yes,Yes,Yes,Yes,Yes,Yes,Yes,Yes,Not applicable,Yes,Yes,Yes,No,Yes,No,No
Origin Energy (Electricity Utility),Australia,AUS,Electricity Utilities,Yes,large,AU000000ORG5,6214861,01/11/2021,31/03/2021,4,up,Yes,Yes,Yes,Yes,Yes,Yes,Yes,Yes,Yes,Yes,Yes,Yes,Yes,Yes,No,No,Yes,Yes,No
Origin Energy (Oil & Gas),Australia,AUS,Oil & Gas,No,large,AU000000ORG5,6214861,01/11/2021,31/03/2021,4,new,Yes,Yes,Yes,Yes,Yes,Yes,Yes,Yes,Yes,Yes,Yes,Yes,Yes,Yes,No,No,Yes,Yes,No
Orsted,Denmark,DNK,Electricity Utilities,No,large,DK0060094928,BYT16L4,01/11/2021,31/03/2021,4,unchanged,Yes,Yes,Yes,Yes,Yes,Yes,Yes,Yes,Yes,Yes,Yes,Not applicable,No,Yes,Yes,Yes,Yes,Yes,No
Ovintiv,Canada,CAN,Oil & Gas,No,medium,US69047Q1022,"BL3GRC2, BJ01KB6",01/11/2021,31/03/2021,2,unchanged,Yes,Yes,Yes,No,Yes,Yes,No,No,No,No,Yes,No,No,No,No,No,No,No,No
PACCAR,United States of America,USA,Other Industrials,Yes,large,US6937181088,2665861,01/11/2021,31/03/2021,4,unchanged,Yes,Yes,Yes,Yes,Yes,Yes,Yes,Yes,Yes,Yes,Yes,Yes,No,Yes,Yes,Yes,No,Yes,No
PG&E,United States of America,USA,Electricity Utilities,No,medium,US69331C1080,2689560,01/11/2021,31/03/2021,3,unchanged,Yes,Yes,Yes,Yes,Yes,No,Yes,Yes,No,Yes,Yes,Not applicable,No,Yes,Yes,Yes,Yes,No,No
PGE,Poland,POL,Electricity Utilities,Yes,medium,PLPGER000010,B544PW9,01/11/2021,31/03/2021,1,unchanged,Yes,No,Yes,Yes,No,No,Yes,No,Yes,No,No,Not applicable,No,Yes,No,No,No,No,No
PPG Industries,United States of America,USA,Chemicals,No,large,US6935061076,2698470,01/11/2021,31/03/2021,3,unchanged,Yes,Yes,Yes,Yes,Yes,No,Yes,No,Yes,No,Yes,Not applicable,No,Yes,No,No,No,No,No
PPL,United States of America,USA,Electricity Utilities,Yes,large,US69351T1060,2680905,01/11/2021,31/03/2021,3,unchanged,Yes,Yes,Yes,Yes,Yes,Yes,Yes,Yes,No,Yes,Yes,Not applicable,No,Yes,No,Yes,No,Yes,No
PTT,Thailand,THA,Oil & Gas,Yes,large,"TH0646010Z00, TH0646010R18","BD0BDH1, 6420408",01/11/2021,31/03/2021,3,unchanged,Yes,Yes,Yes,Yes,Yes,Yes,Yes,Yes,Yes,No,Yes,Yes,No,Yes,Yes,Yes,No,Yes,No
Panasonic,Japan,JPN,Consumer Goods,Yes,large,JP3866800000,6572707,01/11/2021,31/03/2021,4,up,Yes,Yes,Yes,Yes,Yes,Yes,Yes,Yes,Yes,Yes,Yes,Not applicable,No,Yes,Yes,Yes,Yes,No,No
Pemex,Mexico,MEX,Oil & Gas,Yes,unlisted,0,"",01/11/2021,31/03/2021,1,new,Yes,Yes,No,Yes,Yes,No,Yes,No,No,No,No,No,No,No,No,No,No,No,No
Pepsico,United States of America,USA,Consumer Goods,Yes,large,US7134481081,2681511,01/11/2021,31/03/2021,4,up,Yes,Yes,Yes,Yes,Yes,Yes,Yes,Yes,Yes,Yes,Yes,Not applicable,No,Yes,Yes,No,Yes,No,No
Petrobras,Brazil,BRA,Oil & Gas,Yes,large,"BRPETRACNPR6, BRPETRACNOR9, US71654V4086, US71654V1017","2684532, 2682365, 2616580, 2683410",01/11/2021,31/03/2021,4,unchanged,Yes,Yes,Yes,Yes,Yes,Yes,Yes,Yes,Yes,Yes,Yes,Yes,No,Yes,Yes,No,Yes,Yes,No
Petrochina,China,CHN,Oil & Gas,Yes,large,"CNE1000003W8, CNE1000007Q1, US71646E1001","6226576, B28SLD9, 2568841, BP3R206",01/11/2021,31/03/2021,3,up,Yes,Yes,Yes,Yes,Yes,Yes,Yes,No,Yes,Yes,Yes,No,Yes,No,No,No,No,No,No
Philips,Netherlands,NLD,Other Industrials,Yes,large,NL0000009538,5986622,01/11/2021,31/03/2021,4,down,Yes,Yes,Yes,Yes,Yes,Yes,Yes,Yes,Yes,Yes,Yes,Not applicable,No,Yes,Yes,Yes,Yes,Yes,No
Phillips 66,United States of America,USA,Oil & Gas,Yes,large,US7185461040,B78C4Y8,01/11/2021,31/03/2021,2,unchanged,Yes,Yes,Yes,No,Yes,Yes,No,No,No,No,Yes,No,No,No,No,No,No,No,No
Pinnacle West Capital,United States of America,USA,Electricity Utilities,No,medium,US7234841010,2048804,01/11/2021,31/03/2021,3,down,Yes,Yes,Yes,Yes,Yes,Yes,Yes,Yes,Yes,No,Yes,Not applicable,No,Yes,Yes,Yes,No,Yes,No
Pioneer Natural Resource,United States of America,USA,Oil & Gas,No,large,US7237871071,2690830,01/11/2021,31/03/2021,3,up,Yes,Yes,Yes,Yes,Yes,Yes,Yes,No,No,No,No,No,No,Yes,No,No,No,No,No
Plains GP Hold,United States of America,USA,Oil & Gas Distribution,No,small,US72651A2078,BDGHN95,01/11/2021,31/03/2021,2,new,Yes,Yes,Yes,No,No,No,No,No,No,No,No,No,No,No,No,No,No,No,No
Portland General Electric,United States of America,USA,Electricity Utilities,No,small,US7365088472,B125XQ6,01/11/2021,31/03/2021,1,unchanged,Yes,No,Yes,No,No,No,No,No,No,No,No,Not applicable,No,No,Yes,No,No,No,No
Posco,South Korea,KOR,Steel,Yes,large,KR7005490008,6693233,01/11/2021,31/03/2021,4,up,Yes,Yes,Yes,Yes,Yes,Yes,Yes,Yes,Yes,Yes,Yes,Not applicable,No,Yes,Yes,Yes,Yes,Yes,No
Power Assets,Hong Kong,HKG,Electricity Utilities,Yes,large,HK0006000050,6435327,01/11/2021,31/03/2021,2,up,Yes,Yes,Yes,No,Yes,No,No,No,No,No,No,Not applicable,No,No,No,No,No,No,No
Power Grid Corp of India,India,IND,Electricity Utilities,No,large,INE752E01010,B233HS6,01/11/2021,31/03/2021,1,new,Yes,No,Yes,No,No,No,No,No,No,No,No,Not applicable,No,No,No,No,No,No,No
Press Metal,Malaysia,MYS,Aluminium,No,large,MYL8869OO009,BF0J5S4,01/11/2021,31/03/2021,1,unchanged,Yes,No,Yes,No,Yes,No,No,No,No,No,No,Not applicable,No,No,No,No,No,No,No
Procter & Gamble,United States of America,USA,Consumer Goods,Yes,large,US7427181091,2704407,01/11/2021,31/03/2021,3,unchanged,Yes,Yes,Yes,Yes,Yes,Yes,Yes,Yes,Yes,No,Yes,Not applicable,No,Yes,No,No,Yes,No,No
Public Service Enterprise Group,United States of America,USA,Electricity Utilities,No,large,US7445731067,2707677,01/11/2021,31/03/2021,4,unchanged,Yes,Yes,Yes,Yes,Yes,Yes,Yes,Yes,Yes,Yes,Yes,Not applicable,No,Yes,Yes,Yes,No,No,No
QAMCO,Qatar,QAT,Aluminium,No,medium,QA000M2522L9,BH4NZS6,01/11/2021,31/03/2021,0,unchanged,No,No,No,No,No,No,No,No,No,No,No,Not applicable,No,No,No,No,No,No,No
Qantas,Australia,AUS,Airlines,Yes,large,AU000000QAN2,6710347,01/11/2021,31/03/2021,4,unchanged,Yes,Yes,Yes,Yes,Yes,Yes,Yes,Yes,Yes,Yes,Yes,Not applicable,No,Yes,No,No,No,No,No
Qassim Cement,Saudi Arabia,SAU,Cement,No,medium,SA0007879493,B136WG1,01/11/2021,31/03/2021,1,unchanged,Yes,No,Yes,No,No,No,No,No,No,No,No,Not applicable,No,No,No,No,No,No,No
RPM,United States of America,USA,Chemicals,No,small,US7496851038,2756174,01/11/2021,31/03/2021,2,up,Yes,Yes,Yes,No,Yes,No,No,No,No,No,No,Not applicable,No,No,No,No,No,No,No
RWE,Germany,DEU,Electricity Utilities,Yes,large,"DE0007037129, DE0007037145","4768962, 4769147",01/11/2021,31/03/2021,3,unchanged,Yes,Yes,Yes,Yes,Yes,No,Yes,Yes,Yes,Yes,Yes,Not applicable,No,Yes,Yes,Yes,No,Yes,No
Raytheon Technologies,United States of America,USA,Other Industrials,Yes,large,US75513E1010,BM5M5Y3,01/11/2021,31/03/2021,3,down,Yes,Yes,Yes,Yes,Yes,Yes,Yes,Yes,No,Yes,Yes,Yes,No,Yes,Yes,Yes,Yes,No,No
Red Electrica,Spain,ESP,Electricity Utilities,No,medium,ES0173093024,BD6FXN3,01/11/2021,31/03/2021,3,down,Yes,Yes,Yes,Yes,Yes,Yes,Yes,Yes,Yes,No,Yes,Not applicable,No,Yes,Yes,Yes,No,No,No
Reliance Industries,India,IND,Oil & Gas,Yes,large,"INE002A01018, US7594701077, IN9002A01032","6099626, B16CYP9, BMFB937",01/11/2021,31/03/2021,1,unchanged,Yes,No,Yes,No,Yes,Yes,No,Yes,No,Yes,Yes,No,No,No,No,No,No,No,No
Reliance Steel & Aluminium (Aluminium),United States of America,USA,Aluminium,No,small,US7595091023,2729068,01/11/2021,31/03/2021,1,up,Yes,Yes,No,No,No,No,No,No,No,No,No,Not applicable,No,No,No,No,No,No,No
Reliance Steel & Aluminium (Steel),United States of America,USA,Steel,No,small,US7595091023,2729068,01/11/2021,31/03/2021,1,up,Yes,Yes,No,No,No,No,No,No,No,No,No,Not applicable,No,No,No,No,No,No,No
Renault,France,FRA,Autos,Yes,large,FR0000131906,4712798,01/11/2021,31/03/2021,4,unchanged,Yes,Yes,Yes,Yes,Yes,Yes,Yes,Yes,Yes,Yes,Yes,Yes,No,Yes,Yes,No,Yes,Yes,No
Repsol,Spain,ESP,Oil & Gas,Yes,large,ES0173516115,5669354,01/11/2021,31/03/2021,4,unchanged,Yes,Yes,Yes,Yes,Yes,Yes,Yes,Yes,Yes,Yes,Yes,Yes,No,Yes,Yes,No,Yes,Yes,No
Rio Tinto (Aluminium),Australia,AUS,Aluminium,Yes,large,not found,not found,01/11/2021,31/03/2021,4,unchanged,Yes,Yes,Yes,Yes,Yes,Yes,Yes,Yes,Yes,Yes,Yes,Not applicable,Yes,Yes,Yes,Yes,Yes,No,Yes
Rio Tinto (Diversified mining),Australia,AUS,Diversified Mining,Yes,large,not found,not found,01/11/2021,31/03/2021,4,unchanged,Yes,Yes,Yes,Yes,Yes,Yes,Yes,Yes,Yes,Yes,Yes,Not applicable,Yes,Yes,Yes,Yes,Yes,No,Yes
Rolls-Royce,United Kingdom,GBR,Other Industrials,Yes,large,GB00B63H8491,B63H849,01/11/2021,31/03/2021,3,unchanged,Yes,Yes,Yes,Yes,Yes,Yes,Yes,Yes,Yes,Yes,Yes,No,No,Yes,No,Yes,Yes,No,No
Rosneft Oil,Russia,RUS,Oil & Gas,Yes,large,"RU000A0J2Q06, US67812M2070","B59SS16, B17FSC2",01/11/2021,31/03/2021,3,unchanged,Yes,Yes,Yes,Yes,Yes,Yes,Yes,Yes,Yes,No,Yes,Yes,No,Yes,Yes,No,Yes,No,No
Royal DSM,Netherlands,NLD,Chemicals,No,large,NL0000009827,B0HZL93,01/11/2021,31/03/2021,3,down,Yes,Yes,Yes,Yes,Yes,Yes,Yes,Yes,Yes,No,Yes,Not applicable,Yes,Yes,Yes,Yes,No,Yes,No
Royal Dutch Shell,United Kingdom,GBR,Oil & Gas,Yes,large,"GB00B03MM408, GB00B03MLX29","B03MM40, B03MLX2, B09CBL4",01/11/2021,31/03/2021,4,unchanged,Yes,Yes,Yes,Yes,Yes,Yes,Yes,Yes,Yes,Yes,Yes,Yes,Yes,Yes,Yes,No,No,Yes,Yes
Ruentex Development,Taiwan,TWN,Cement,No,small,TW0009945006,6748423,01/11/2021,31/03/2021,1,new,Yes,No,Yes,No,No,No,No,No,No,No,No,Not applicable,No,No,No,No,No,No,No
Ryanair,Ireland,IRL,Airlines,No,unlisted,"IE00BYTBXV33, US7835132033","BYTBXV3, BYTBY10, BYYN585",01/11/2021,31/03/2021,2,new,Yes,Yes,Yes,Yes,No,Yes,Yes,No,No,No,No,Not applicable,No,Yes,No,No,No,No,No
SAIC motor,China,CHN,Autos,Yes,large,CNE000000TY6,"6086974, BP3R2D9",01/11/2021,31/03/2021,1,unchanged,Yes,No,Yes,No,No,No,No,No,No,No,No,No,No,No,No,No,No,No,No
SK Innovation,South Korea,KOR,Oil & Gas,Yes,large,KR7096770003,B232R05,01/11/2021,31/03/2021,4,up,Yes,Yes,Yes,Yes,Yes,Yes,Yes,Yes,Yes,Yes,Yes,Yes,No,Yes,Yes,Yes,No,Yes,No
SSAB,Sweden,SWE,Steel,Yes,small,"SE0000171100, SE0000120669","B17H0S8, B17H3F6",01/11/2021,31/03/2021,4,unchanged,Yes,Yes,Yes,Yes,Yes,Yes,Yes,Yes,Yes,Yes,Yes,Not applicable,No,Yes,Yes,No,No,Yes,No
SSE,United Kingdom,GBR,Electricity Utilities,Yes,large,GB0007908733,790873,01/11/2021,31/03/2021,4,unchanged,Yes,Yes,Yes,Yes,Yes,Yes,Yes,Yes,Yes,Yes,Yes,Not applicable,No,Yes,Yes,Yes,Yes,Yes,No
Santos,Australia,AUS,Oil & Gas,Yes,large,AU000000STO6,6776703,01/11/2021,31/03/2021,3,unchanged,Yes,Yes,Yes,Yes,Yes,Yes,Yes,Yes,No,No,Yes,Yes,No,Yes,Yes,No,Yes,No,No
Sappi,South Africa,ZAF,Paper,No,medium,ZAE000006284,6777007,01/11/2021,31/03/2021,4,unchanged,Yes,Yes,Yes,Yes,Yes,Yes,Yes,Yes,Yes,Yes,Yes,Not applicable,No,Yes,Yes,Yes,No,Yes,No
Sasol (Chemicals),South Africa,ZAF,Chemicals,Yes,large,ZAE000006896,6777450,01/11/2021,31/03/2021,4,unchanged,Yes,Yes,Yes,Yes,Yes,Yes,Yes,Yes,Yes,Yes,Yes,Yes,Yes,Yes,Yes,No,Yes,Yes,No
Sasol (Oil & Gas),South Africa,ZAF,Oil & Gas,Yes,large,ZAE000006896,6777450,01/11/2021,31/03/2021,4,unchanged,Yes,Yes,Yes,Yes,Yes,Yes,Yes,Yes,Yes,Yes,Yes,Yes,Yes,Yes,Yes,No,Yes,Yes,No
Saudi Arabian Mining,Saudi Arabia,SAU,Aluminium,No,large,SA123GA0ITH7,B3C8VY3,01/11/2021,31/03/2021,0,new,No,No,No,No,No,No,No,No,No,No,No,No,No,No,No,No,No,No,No
Saudi Aramco,Saudi Arabia,SAU,Oil & Gas,Yes,large,SA14TG012N13,BJTM270,01/11/2021,31/03/2021,2,unchanged,Yes,Yes,Yes,No,Yes,Yes,No,No,No,Yes,Yes,No,No,No,No,No,No,No,No
Saudi Basic Industries,Saudi Arabia,SAU,Chemicals,No,large,SA0007879121,B1324D0,01/11/2021,31/03/2021,4,up,Yes,Yes,Yes,Yes,Yes,Yes,Yes,Yes,Yes,Yes,Yes,Not applicable,No,Yes,No,No,No,Yes,No
Saudi Cement,Saudi Arabia,SAU,Cement,No,medium,SA0007879469,B132HD1,01/11/2021,31/03/2021,0,unchanged,No,No,No,No,No,No,No,No,No,No,No,Not applicable,No,No,No,No,No,No,No
Saudi Electricity,Saudi Arabia,SAU,Electricity Utilities,No,large,SA0007879550,B132NM2,01/11/2021,31/03/2021,1,new,Yes,No,Yes,No,No,No,No,No,No,No,No,Not applicable,No,No,No,No,No,No,No
Semen Indonesia,Indonesia,IDN,Cement,No,large,ID1000106800,6795236,01/11/2021,31/03/2021,1,unchanged,Yes,No,Yes,Yes,Yes,No,Yes,No,No,No,No,Not applicable,No,Yes,No,No,No,No,No
Semirara Mining and Power,Philippines,PHL,Coal Mining,No,medium,PHY7628G1124,BQ13Z04,01/11/2021,31/03/2021,2,unchanged,Yes,Yes,Yes,No,Yes,Yes,No,No,No,No,Yes,No,No,No,No,Yes,No,No,No
Sempra Energy,United States of America,USA,Electricity Utilities,No,large,US8168511090,2138158,01/11/2021,31/03/2021,3,unchanged,Yes,Yes,Yes,Yes,Yes,Yes,Yes,Yes,No,Yes,Yes,Not applicable,No,Yes,Yes,No,Yes,Yes,No
Severstal,Russia,RUS,Steel,Yes,large,"RU0009046510, US8181503025","B5B9C59, B1G4YH7",01/11/2021,31/03/2021,3,up,Yes,Yes,Yes,Yes,Yes,Yes,Yes,No,No,No,Yes,Not applicable,No,No,No,No,No,No,No
Shandong Chenming,China,CHN,Paper,No,medium,"CNE000000QM7, CNE100000BK2, CNE0000015H5","6801832, B2RJKP8, 6294960, BD5CQ14",01/11/2021,31/03/2021,1,unchanged,Yes,No,Yes,No,Yes,No,No,No,No,No,No,Not applicable,No,No,No,No,No,No,No
Shin-Etsu Chemical,Japan,JPN,Chemicals,No,large,JP3371200001,6804585,01/11/2021,31/03/2021,3,down,Yes,Yes,Yes,Yes,Yes,Yes,Yes,Yes,Yes,No,Yes,Not applicable,No,Yes,Yes,Yes,No,No,No
Shougang Fushan Resources,Hong Kong,HKG,Coal Mining,No,medium,HK0639031506,6354671,01/11/2021,31/03/2021,0,unchanged,No,No,No,No,No,No,No,No,No,No,No,No,No,No,No,No,No,No,No
Showa Denko,Japan,JPN,Aluminium,No,medium,JP3368000000,6805469,01/11/2021,31/03/2021,4,up,Yes,Yes,Yes,Yes,Yes,Yes,Yes,Yes,Yes,Yes,Yes,Not applicable,No,Yes,Yes,Yes,Yes,Yes,No
Shree Cements,India,IND,Cement,No,large,INE070A01015,6100357,01/11/2021,31/03/2021,3,down,Yes,Yes,Yes,Yes,Yes,Yes,Yes,Yes,Yes,No,Yes,Not applicable,No,Yes,No,No,No,No,No
Siam Cement,Thailand,THA,Cement,No,large,"TH0003010Z12, TH0003010Z04, TH0003010R12","6609906, 6609917, 6609928",01/11/2021,31/03/2021,3,unchanged,Yes,Yes,Yes,Yes,Yes,Yes,Yes,Yes,Yes,No,Yes,Not applicable,No,Yes,Yes,No,Yes,Yes,No
Siam City Cement,Thailand,THA,Cement,No,medium,"TH0021010Z06, TH0021010R14","6806376, 6363194",01/11/2021,31/03/2021,2,up,Yes,Yes,Yes,No,No,Yes,No,No,No,No,Yes,Not applicable,No,No,No,No,No,No,No
Siemens,Germany,DEU,Other Industrials,Yes,large,DE0007236101,5727973,01/11/2021,31/03/2021,4,up,Yes,Yes,Yes,Yes,Yes,Yes,Yes,Yes,Yes,Yes,Yes,Not applicable,No,Yes,Yes,No,Yes,Yes,No
Siemens Energy,Germany,DEU,Other Industrials,No,unlisted,DE000ENER6Y0,BMTVQK9,01/11/2021,31/03/2021,2,new,Yes,Yes,Yes,No,Yes,No,No,No,Yes,No,No,No,No,No,Yes,No,No,No,No
Sims Metal Management,Australia,AUS,Steel,No,medium,AU000000SGM7,B0LCW75,01/11/2021,31/03/2021,3,unchanged,Yes,Yes,Yes,Yes,Yes,Yes,Yes,Yes,No,No,Yes,Not applicable,No,Yes,Yes,Yes,No,No,No
Singapore Airlines,Singapore,SGP,Airlines,No,large,"SG1V61937297, SGXN46541243, SGXN93802555","6811734, BMVF5Y6, BMBP0H4",01/11/2021,31/03/2021,3,up,Yes,Yes,Yes,Yes,Yes,Yes,Yes,No,No,No,Yes,Not applicable,No,Yes,No,No,No,No,No
Sinopec China Petroleum & Chemical,China,CHN,Oil & Gas,Yes,large,"CNE1000002Q2, CNE0000018G1","6291819, 6373728, BP3R240",01/11/2021,31/03/2021,3,unchanged,Yes,Yes,Yes,Yes,Yes,No,Yes,No,No,No,Yes,No,No,No,No,No,No,No,No
Snam IT,Italy,ITA,Oil & Gas Distribution,No,unlisted,IT0003153415,7251470,01/11/2021,31/03/2021,3,new,Yes,Yes,Yes,Yes,Yes,Yes,Yes,Yes,Yes,Yes,Yes,No,No,Yes,Yes,Yes,Yes,Yes,No
Sojitz,Japan,JPN,Coal Mining,No,medium,JP3663900003,6594143,01/11/2021,31/03/2021,4,new,Yes,Yes,Yes,Yes,Yes,Yes,Yes,Yes,Yes,Yes,Yes,Yes,No,Yes,Yes,Yes,Yes,Yes,No
Solvay,Belgium,BEL,Chemicals,No,medium,BE0003470755,4821100,01/11/2021,31/03/2021,4,new,Yes,Yes,Yes,Yes,Yes,Yes,Yes,Yes,Yes,Yes,Yes,Not applicable,No,Yes,Yes,No,Yes,Yes,No
South32 (Aluminium),Australia,AUS,Aluminium,Yes,large,AU000000S320,BWSW5D9,01/11/2021,31/03/2021,3,unchanged,Yes,Yes,Yes,Yes,Yes,Yes,No,Yes,Yes,Yes,No,Yes,No,No,Yes,No,Yes,Yes,Yes
South32 (Coal Mining),Australia,AUS,Coal Mining,Yes,large,AU000000S320,BWSW5D9,01/11/2021,31/03/2021,3,unchanged,Yes,Yes,Yes,Yes,Yes,Yes,No,Yes,Yes,Yes,No,Yes,No,No,Yes,No,Yes,Yes,Yes
South32 (Diversified mining),Australia,AUS,Diversified Mining,Yes,large,AU000000S320,BWSW5D9,01/11/2021,31/03/2021,3,unchanged,Yes,Yes,Yes,Yes,Yes,Yes,No,Yes,Yes,Yes,No,Yes,No,No,Yes,No,Yes,Yes,Yes
Southern Company,United States of America,USA,Electricity Utilities,Yes,large,US8425871071,2829601,01/11/2021,31/03/2021,3,unchanged,Yes,Yes,Yes,Yes,Yes,Yes,Yes,Yes,No,Yes,Yes,Not applicable,Yes,Yes,Yes,Yes,No,Yes,No
Southern Copper,United States of America,USA,Diversified Mining,No,large,US84265V1052,2823777,01/11/2021,31/03/2021,2,unchanged,Yes,Yes,Yes,No,No,No,No,No,No,No,No,Not applicable,No,No,No,No,No,No,No
Southwest,United States of America,USA,Airlines,No,large,US8447411088,2831543,01/11/2021,31/03/2021,2,down,Yes,Yes,Yes,No,Yes,Yes,No,Yes,Yes,Yes,Yes,Not applicable,No,No,Yes,No,No,No,No
Ssangyong C&E,South Korea,KOR,Cement,No,medium,KR7003410008,6837280,01/11/2021,31/03/2021,1,unchanged,Yes,No,Yes,No,Yes,No,No,No,Yes,No,No,Not applicable,No,No,No,No,No,No,No
St Gobain,France,FRA,Other Industrials,Yes,large,FR0000125007,7380482,01/11/2021,31/03/2021,4,unchanged,Yes,Yes,Yes,Yes,Yes,Yes,Yes,Yes,Yes,Yes,Yes,Not applicable,No,Yes,Yes,Yes,Yes,Yes,No
Steel Dynamics,United States of America,USA,Steel,No,medium,US8581191009,2849472,01/11/2021,31/03/2021,2,unchanged,Yes,Yes,Yes,No,No,Yes,No,No,No,No,Yes,Not applicable,No,No,No,No,No,No,No
Stora Enso,Finland,FIN,Paper,No,medium,"FI0009005961, FI0009007611","5072673, 5594144",01/11/2021,31/03/2021,4,unchanged,Yes,Yes,Yes,Yes,Yes,Yes,Yes,Yes,Yes,Yes,Yes,Not applicable,Yes,Yes,Yes,Yes,Yes,Yes,No
Subaru,Japan,JPN,Autos,No,large,JP3814800003,6356406,01/11/2021,31/03/2021,3,unchanged,Yes,Yes,Yes,Yes,Yes,Yes,Yes,Yes,Yes,No,Yes,Yes,No,Yes,No,Yes,Yes,No,Yes
Sumitomo,Japan,JPN,Coal Mining,No,large,JP3404600003,6858946,01/11/2021,31/03/2021,3,unchanged,Yes,Yes,Yes,Yes,Yes,Yes,Yes,Yes,Yes,No,Yes,No,No,Yes,No,No,Yes,No,No
Sumitomo Chemical,Japan,JPN,Aluminium,No,medium,JP3401400001,6858560,01/11/2021,31/03/2021,4,unchanged,Yes,Yes,Yes,Yes,Yes,Yes,Yes,Yes,Yes,Yes,Yes,Not applicable,No,Yes,Yes,No,Yes,Yes,No
Sumitomo Metal Mining,Japan,JPN,Diversified Mining,No,large,JP3402600005,6858849,01/11/2021,31/03/2021,3,new,Yes,Yes,Yes,Yes,Yes,Yes,Yes,Yes,Yes,No,Yes,Not applicable,No,Yes,No,Yes,No,No,No
Sumitomo Osaka Cement,Japan,JPN,Cement,No,medium,JP3400900001,6858548,01/11/2021,31/03/2021,2,unchanged,Yes,Yes,Yes,No,Yes,No,No,No,No,No,Yes,Not applicable,No,No,No,No,No,No,No
Suncor Energy,Canada,CAN,Oil & Gas,Yes,large,CA8672241079,B3NB1P2,01/11/2021,31/03/2021,4,up,Yes,Yes,Yes,Yes,Yes,Yes,Yes,Yes,Yes,Yes,Yes,Yes,No,Yes,Yes,Yes,Yes,Yes,No
Suzano,Brazil,BRA,Paper,Yes,large,BRSUZBACNOR0,B02GKC7,01/11/2021,31/03/2021,3,up,Yes,Yes,Yes,Yes,Yes,Yes,Yes,Yes,Yes,No,No,Not applicable,No,Yes,No,No,No,No,No
Suzuki,Japan,JPN,Autos,Yes,large,JP3397200001,6865504,01/11/2021,31/03/2021,3,unchanged,Yes,Yes,Yes,Yes,Yes,Yes,Yes,Yes,No,No,Yes,Yes,No,Yes,No,Yes,No,No,No
Symrise,Germany,DEU,Chemicals,No,large,DE000SYM9999,B1JB4K8,01/11/2021,31/03/2021,3,unchanged,Yes,Yes,Yes,Yes,Yes,Yes,Yes,Yes,Yes,No,Yes,Not applicable,No,Yes,Yes,Yes,Yes,No,No
TATNEFT,Russia,RUS,Oil & Gas,No,large,"RU0009033591, RU0006944147, US8766292051","B59BXN2, B5B1TJ8, BYY37Q7",01/11/2021,31/03/2021,1,unchanged,Yes,No,Yes,No,No,Yes,No,No,No,No,No,No,No,No,No,No,No,Yes,No
TC Energy,Canada,CAN,Oil & Gas Distribution,Yes,large,CA87807B1076,"BJMY6G0, BJMY6F9",01/11/2021,31/03/2021,3,unchanged,Yes,Yes,Yes,Yes,Yes,Yes,Yes,Yes,No,Yes,Yes,No,No,Yes,No,No,Yes,Yes,No
TEPCO,Japan,JPN,Electricity Utilities,No,large,JP3585800000,6895404,01/11/2021,31/03/2021,4,unchanged,Yes,Yes,Yes,Yes,Yes,Yes,Yes,Yes,Yes,Yes,Yes,Not applicable,Yes,Yes,Yes,Yes,Yes,Yes,No
Taiheiyo Cement,Japan,JPN,Cement,No,medium,JP3449020001,6660204,01/11/2021,31/03/2021,3,unchanged,Yes,Yes,Yes,Yes,Yes,Yes,Yes,No,Yes,No,Yes,Not applicable,No,Yes,No,Yes,Yes,No,No
Taiwan Cement,Taiwan,TWN,Cement,No,large,TW0001101004,6869937,01/11/2021,31/03/2021,3,unchanged,Yes,Yes,Yes,Yes,Yes,No,Yes,Yes,Yes,No,No,Not applicable,No,Yes,No,No,No,No,No
Targa Resources,United States of America,USA,Oil & Gas Distribution,No,medium,US87612G1013,B55PZY3,01/11/2021,31/03/2021,2,unchanged,Yes,Yes,Yes,No,No,No,No,Yes,No,No,No,No,No,No,No,No,No,No,No
Tata Steel,India,IND,Steel,No,large,"INE081A01012, INE00BYW9529","6101156, BG02FM4",01/11/2021,31/03/2021,4,unchanged,Yes,Yes,Yes,Yes,Yes,Yes,Yes,Yes,Yes,Yes,Yes,Not applicable,No,Yes,Yes,No,No,Yes,No
Teck Resources (Coal Mining),Canada,CAN,Coal Mining,Yes,medium,CA8787422044,"2879327, 2124533",01/11/2021,31/03/2021,4,unchanged,Yes,Yes,Yes,Yes,Yes,Yes,Yes,Yes,Yes,Yes,Yes,Yes,No,Yes,Yes,No,Yes,Yes,No
Teck Resources (Diversified mining),Canada,CAN,Diversified Mining,Yes,medium,CA8787422044,"2879327, 2124533",01/11/2021,31/03/2021,4,unchanged,Yes,Yes,Yes,Yes,Yes,Yes,Yes,Yes,Yes,Yes,Yes,Yes,No,Yes,Yes,No,Yes,Yes,No
Tenaga Nasional,Malaysia,MYS,Electricity Utilities,No,large,MYL5347OO009,6904612,01/11/2021,31/03/2021,1,unchanged,Yes,No,Yes,No,Yes,Yes,No,No,No,No,No,Not applicable,No,No,No,No,No,No,No
Tenaris,Italy,ITA,Steel,No,large,LU0156801721,7538515,01/11/2021,31/03/2021,3,up,Yes,Yes,Yes,Yes,Yes,Yes,Yes,Yes,No,No,No,Not applicable,No,Yes,No,No,No,No,No
Tennessee Valley Authority,United States of America,USA,Electricity Utilities,No,unlisted,0,"",01/11/2021,31/03/2021,2,new,Yes,Yes,Yes,No,Yes,Yes,No,Yes,No,No,Yes,Not applicable,No,No,No,No,No,No,No
Terna,Italy,ITA,Electricity Utilities,No,medium,IT0003242622,B01BN57,01/11/2021,31/03/2021,4,down,Yes,Yes,Yes,Yes,Yes,Yes,Yes,Yes,Yes,Yes,Yes,Not applicable,No,Yes,Yes,Yes,Yes,Yes,No
Tesla,United States of America,USA,Autos,No,large,US88160R1014,B616C79,01/11/2021,31/03/2021,1,unchanged,Yes,No,Yes,No,No,No,No,No,No,No,No,No,No,No,No,No,No,No,No
ThyssenKrupp,Germany,DEU,Steel,Yes,large,DE0007500001,5636927,01/11/2021,31/03/2021,3,unchanged,Yes,Yes,Yes,Yes,Yes,Yes,Yes,Yes,No,Yes,Yes,Not applicable,No,Yes,No,Yes,No,Yes,No
Tohoku Elec Power,Japan,JPN,Electricity Utilities,No,large,JP3605400005,6895266,01/11/2021,31/03/2021,3,unchanged,Yes,Yes,Yes,Yes,Yes,Yes,Yes,Yes,Yes,No,Yes,Not applicable,Yes,Yes,Yes,Yes,Yes,Yes,No
Tokushu Tokai Paper,Japan,JPN,Paper,No,small,JP3624900001,B1TK212,01/11/2021,31/03/2021,1,unchanged,Yes,No,Yes,No,No,No,No,No,No,No,No,Not applicable,No,No,No,No,No,No,No
Tokuyama,Japan,JPN,Cement,No,medium,JP3625000009,6895761,01/11/2021,31/03/2021,3,new,Yes,Yes,Yes,Yes,Yes,Yes,Yes,Yes,No,No,Yes,Not applicable,No,Yes,No,Yes,No,Yes,No
Toray Industries,Japan,JPN,Chemicals,Yes,large,JP3621000003,6897143,01/11/2021,31/03/2021,3,down,Yes,Yes,Yes,Yes,Yes,Yes,Yes,Yes,Yes,No,Yes,Not applicable,No,Yes,Yes,Yes,Yes,Yes,No
Tosoh,Japan,JPN,Cement,No,medium,JP3595200001,6900289,01/11/2021,31/03/2021,3,new,Yes,Yes,Yes,Yes,Yes,Yes,Yes,Yes,Yes,No,Yes,Not applicable,No,Yes,No,No,Yes,Yes,No
TotalEnergies,France,FRA,Oil & Gas,Yes,large,FR0000120271,"B15C557, B128WJ1",01/11/2021,31/03/2021,4,down,Yes,Yes,Yes,Yes,Yes,Yes,Yes,Yes,Yes,Yes,Yes,Yes,Yes,Yes,Yes,Yes,Yes,Yes,No
Toyota,Japan,JPN,Autos,Yes,large,JP3633400001,"6900643, 0851435",01/11/2021,31/03/2021,3,unchanged,Yes,Yes,Yes,Yes,Yes,Yes,Yes,Yes,Yes,No,Yes,Yes,No,Yes,Yes,Yes,Yes,No,Yes
Toyota Tsusho,Japan,JPN,Coal Mining,No,large,JP3635000007,6900580,01/11/2021,31/03/2021,3,new,Yes,Yes,Yes,Yes,Yes,Yes,Yes,Yes,Yes,Yes,Yes,No,No,Yes,No,No,No,Yes,No
Trane Technologies,United States of America,USA,Other Industrials,Yes,large,IE00BK9ZQ967,BK9ZQ96,01/11/2021,31/03/2021,4,unchanged,Yes,Yes,Yes,Yes,Yes,Yes,Yes,Yes,Yes,Yes,Yes,Not applicable,No,Yes,Yes,No,No,No,No
Turkish Airlines,Turkey,TUR,Airlines,No,medium,TRATHYAO91M5,B03MYK0,01/11/2021,31/03/2021,3,unchanged,Yes,Yes,Yes,Yes,Yes,No,Yes,No,Yes,Yes,No,Not applicable,No,Yes,No,No,No,No,No
U-Ming,Taiwan,TWN,Shipping,No,medium,TW0002606001,6911377,01/11/2021,31/03/2021,3,up,Yes,Yes,Yes,Yes,Yes,No,Yes,No,Yes,No,No,Not applicable,No,Yes,No,No,No,No,No
UACJ,Japan,JPN,Aluminium,No,small,JP3826900007,B0N9WZ2,01/11/2021,31/03/2021,2,unchanged,Yes,Yes,Yes,No,Yes,No,No,No,No,No,No,Not applicable,No,No,No,No,No,No,No
UPM-Kymmene,Finland,FIN,Paper,No,large,FI0009005987,5051252,01/11/2021,31/03/2021,4,unchanged,Yes,Yes,Yes,Yes,Yes,Yes,Yes,Yes,Yes,Yes,Yes,Not applicable,No,Yes,Yes,No,Yes,Yes,No
Ube Industries,Japan,JPN,Cement,No,medium,JP3158800007,6910705,01/11/2021,31/03/2021,4,new,Yes,Yes,Yes,Yes,Yes,Yes,Yes,Yes,Yes,Yes,Yes,Not applicable,No,Yes,Yes,Yes,Yes,Yes,No
UltraTech Cement,India,IND,Cement,Yes,large,INE481G01011,B01GZF6,01/11/2021,31/03/2021,4,up,Yes,Yes,Yes,Yes,Yes,Yes,Yes,Yes,Yes,Yes,Yes,Not applicable,No,Yes,Yes,Yes,Yes,Yes,No
Umicore,Belgium,BEL,Chemicals,No,medium,BE0974320526,BF44466,01/11/2021,31/03/2021,2,unchanged,Yes,Yes,Yes,No,Yes,Yes,No,No,Yes,No,No,Not applicable,No,No,No,No,No,No,No
Unilever,Netherlands,NLD,Consumer Goods,Yes,large,not found,not found,01/11/2021,31/03/2021,4STAR,up,Yes,Yes,Yes,Yes,Yes,Yes,Yes,Yes,Yes,Yes,Yes,Not applicable,Yes,Yes,Yes,Yes,Yes,Yes,Yes
Uniper,Germany,DEU,Electricity Utilities,Yes,medium,DE000UNSE018,BZ6CZ43,01/11/2021,31/03/2021,4,unchanged,Yes,Yes,Yes,Yes,Yes,Yes,Yes,Yes,Yes,Yes,Yes,Not applicable,Yes,Yes,Yes,No,Yes,Yes,No
United Continental,United States of America,USA,Airlines,Yes,medium,US9100471096,B4QG225,01/11/2021,31/03/2021,4,unchanged,Yes,Yes,Yes,Yes,Yes,Yes,Yes,Yes,Yes,Yes,Yes,Not applicable,No,Yes,Yes,Yes,Yes,Yes,No
United States Steel,United States of America,USA,Steel,No,small,US9129091081,2824770,01/11/2021,31/03/2021,3,up,Yes,Yes,Yes,Yes,Yes,No,Yes,No,No,No,No,Not applicable,No,Yes,No,No,No,No,No
United Tractors,Indonesia,IDN,Other Industrials,Yes,large,ID1000058407,6230845,01/11/2021,31/03/2021,1,down,Yes,No,Yes,Yes,No,No,No,No,No,No,No,No,No,No,No,No,No,No,No
Usiminas,Brazil,BRA,Steel,No,medium,"BRUSIMACNPA6, BRUSIMACNOR3","2386009, 2193696",01/11/2021,31/03/2021,2,new,Yes,Yes,Yes,No,No,No,No,No,No,No,No,Not applicable,No,No,No,No,No,No,No
Vale (Coal Mining),Brazil,BRA,Coal Mining,Yes,large,"BRVALEACNOR0, US91912E1055, US91912E2046, BRVALEACNPA3","2196286, 2857334, 2933900, 2257127",01/11/2021,31/03/2021,4,down,Yes,Yes,Yes,Yes,Yes,Yes,Yes,Yes,Yes,Yes,Yes,Yes,No,Yes,Yes,Yes,Yes,Yes,No
Vale (Diversified mining),Brazil,BRA,Diversified Mining,Yes,large,"BRVALEACNOR0, US91912E1055, US91912E2046, BRVALEACNPA3","2196286, 2857334, 2933900, 2257127",01/11/2021,31/03/2021,4,down,Yes,Yes,Yes,Yes,Yes,Yes,Yes,Yes,Yes,Yes,Yes,Yes,No,Yes,Yes,Yes,Yes,Yes,No
Valero Energy,United States of America,USA,Oil & Gas,Yes,large,US91913Y1001,2041364,01/11/2021,31/03/2021,2,unchanged,Yes,Yes,Yes,No,No,Yes,No,No,No,No,No,No,No,No,No,No,No,No,No
Vattenfall,Sweden,SWE,Electricity Utilities,No,unlisted,0,"",01/11/2021,31/03/2021,3,new,Yes,Yes,Yes,Yes,Yes,No,Yes,Yes,Yes,Yes,Yes,Not applicable,No,Yes,No,No,No,No,No
Vedanta (Aluminium),India,IND,Aluminium,Yes,large,INE205A01025,6136040,01/11/2021,31/03/2021,3,unchanged,Yes,Yes,Yes,Yes,Yes,Yes,Yes,No,Yes,No,Yes,Not applicable,No,Yes,No,No,No,No,No
Vedanta (Diversified mining),India,IND,Diversified Mining,Yes,large,INE205A01025,6136040,01/11/2021,31/03/2021,3,unchanged,Yes,Yes,Yes,Yes,Yes,Yes,Yes,No,Yes,No,Yes,Not applicable,No,Yes,No,No,No,No,No
Vedanta (Steel),India,IND,Steel,No,large,INE205A01025,6136040,01/11/2021,31/03/2021,3,new,Yes,Yes,Yes,Yes,Yes,Yes,Yes,No,Yes,No,Yes,Not applicable,No,Yes,No,No,No,No,No
Verbund AG,Austria,AUT,Electricity Utilities,No,medium,AT0000746409,4661607,01/11/2021,31/03/2021,3,new,Yes,Yes,Yes,Yes,Yes,Yes,Yes,Yes,Yes,No,Yes,Not applicable,No,Yes,Yes,No,No,Yes,No
Vistra Energy,United States of America,USA,Electricity Utilities,Yes,medium,US92840M1027,BZ8VJQ8,01/11/2021,31/03/2021,3,up,Yes,Yes,Yes,Yes,Yes,Yes,Yes,No,Yes,Yes,Yes,Not applicable,Yes,Yes,Yes,Yes,Yes,No,No
Voestalpine,Austria,AUT,Steel,No,medium,AT0000937503,4943402,01/11/2021,31/03/2021,3,down,Yes,Yes,Yes,Yes,Yes,No,Yes,Yes,Yes,Yes,Yes,Not applicable,No,Yes,Yes,No,No,Yes,No
Volkswagen,Germany,DEU,Autos,Yes,large,"DE0007664005, DE0007664039","5497102, 5497168",01/11/2021,31/03/2021,3,unchanged,Yes,Yes,Yes,Yes,Yes,No,Yes,Yes,Yes,Yes,Yes,Yes,No,Yes,Yes,Yes,Yes,Yes,No
Volvo,Sweden,SWE,Other Industrials,Yes,large,"SE0000115446, SE0000115420","B1QH830, B1QH7Y4",01/11/2021,31/03/2021,3,unchanged,Yes,Yes,Yes,Yes,Yes,Yes,Yes,Yes,Yes,No,Yes,Yes,No,Yes,No,No,Yes,No,No
WEC Energy Group,United States of America,USA,Electricity Utilities,Yes,large,US92939U1060,BYY8XK8,01/11/2021,31/03/2021,3,unchanged,Yes,Yes,Yes,Yes,Yes,Yes,Yes,Yes,No,Yes,Yes,Not applicable,No,Yes,No,No,Yes,Yes,No
Walmart,United States of America,USA,Services,Yes,large,US9311421039,2936921,01/11/2021,31/03/2021,4,unchanged,Yes,Yes,Yes,Yes,Yes,Yes,Yes,Yes,Yes,Yes,Yes,Not applicable,No,Yes,Yes,No,Yes,No,No
Wan Hai,Taiwan,TWN,Shipping,No,medium,TW0002615002,6932334,01/11/2021,31/03/2021,3,unchanged,Yes,Yes,Yes,Yes,Yes,No,Yes,Yes,Yes,No,No,Not applicable,No,Yes,No,No,No,No,Yes
Washington H. Soul Pattinson,Australia,AUS,Coal Mining,No,medium,AU000000SOL3,6821807,01/11/2021,31/03/2021,2,unchanged,Yes,Yes,Yes,No,No,Yes,No,No,No,No,Yes,No,No,No,No,No,No,No,No
Wesfarmers,Australia,AUS,Services,No,large,"AU000000WES1, AU00000WESN9","6948836, B291502",01/11/2021,31/03/2021,3,unchanged,Yes,Yes,Yes,Yes,Yes,Yes,Yes,Yes,Yes,No,Yes,Not applicable,No,Yes,Yes,No,Yes,Yes,No
Weyerhaeuser,United States of America,USA,Services,Yes,medium,US9621661043,2958936,01/11/2021,31/03/2021,3,unchanged,Yes,Yes,Yes,Yes,Yes,Yes,Yes,Yes,No,Yes,Yes,Not applicable,No,Yes,No,No,No,No,No
Whitehaven Coal,Australia,AUS,Coal Mining,No,medium,AU000000WHC8,B1XQXC4,01/11/2021,31/03/2021,2,unchanged,Yes,Yes,Yes,No,Yes,Yes,No,No,No,No,Yes,No,No,No,No,No,Yes,No,No
Williams,United States of America,USA,Oil & Gas Distribution,Yes,medium,US9694571004,2967181,01/11/2021,31/03/2021,3,new,Yes,Yes,Yes,Yes,Yes,Yes,Yes,No,Yes,Yes,Yes,No,No,Yes,Yes,No,No,No,No
Wisdom Marine Lines,Taiwan,TWN,Shipping,No,small,KYG9721M1033,B429W95,01/11/2021,31/03/2021,2,new,Yes,Yes,Yes,No,Yes,Yes,No,Yes,No,No,Yes,Not applicable,No,No,No,No,No,No,No
Wizz Air,United Kingdom,GBR,Airlines,No,small,JE00BN574F90,BN574F9,01/11/2021,31/03/2021,2,unchanged,Yes,Yes,Yes,Yes,No,Yes,No,No,No,No,Yes,Not applicable,No,No,No,No,No,No,No
Woodside Petroleum,Australia,AUS,Oil & Gas,Yes,large,"AU000000WPL2, AU0000001091, AU000BF0TR33","6979728, BZ1CNB1, BF0TR33",01/11/2021,31/03/2021,4,up,Yes,Yes,Yes,Yes,Yes,Yes,Yes,Yes,Yes,Yes,Yes,Yes,No,No,Yes,No,No,Yes,No
Woolworths,Australia,AUS,Services,Yes,large,AU000000WOW2,6981239,01/11/2021,31/03/2021,3,unchanged,Yes,Yes,Yes,Yes,Yes,Yes,Yes,Yes,Yes,No,Yes,Not applicable,No,Yes,No,Yes,No,No,No
XCEL Energy,United States of America,USA,Electricity Utilities,Yes,large,US98389B1008,2614807,01/11/2021,31/03/2021,3,unchanged,Yes,Yes,Yes,Yes,Yes,Yes,Yes,Yes,Yes,No,Yes,Not applicable,No,Yes,Yes,No,Yes,No,No
YFY,Taiwan,TWN,Paper,No,small,TW0001907004,6988616,01/11/2021,31/03/2021,2,unchanged,Yes,Yes,Yes,No,Yes,Yes,No,No,Yes,No,No,Not applicable,No,No,No,No,No,No,No
Yamato Kogyo,Japan,JPN,Steel,No,medium,JP3940400009,6985446,01/11/2021,31/03/2021,0,down,No,No,No,No,Yes,No,No,Yes,No,No,No,Not applicable,No,No,No,No,No,No,No
Yanbu Cement,Saudi Arabia,SAU,Cement,No,medium,SA0007879519,B134K61,01/11/2021,31/03/2021,0,unchanged,No,No,No,No,No,No,No,No,No,No,No,Not applicable,No,No,No,No,No,No,No
Yanzhou Coal Mining,China,CHN,Coal Mining,No,large,"CNE1000004Q8, CNE000000WV6","6109893, 6119289, BP3R5S5",01/11/2021,31/03/2021,1,unchanged,Yes,No,Yes,No,Yes,No,No,No,No,No,No,No,No,No,No,No,No,No,No
Yara International,Norway,NOR,Chemicals,No,medium,NO0010208051,7751259,01/11/2021,31/03/2021,3,new,Yes,Yes,Yes,Yes,Yes,Yes,Yes,Yes,Yes,No,Yes,Not applicable,No,Yes,Yes,Yes,No,Yes,No
